Time (s) Run #1,Force (N) Run #1,Position (m) Run #1,Velocity (m/s) Run #1,Acceleration (m/s²) Run #1,Time (s) Run #2,Force (N) Run #2,Position (m) Run #2,Velocity (m/s) Run #2,Acceleration (m/s²) Run #2,Time (s) Run #3,Force (N) Run #3,Position (m) Run #3,Velocity (m/s) Run #3,Acceleration (m/s²) Run #3,Time (s) Run #4,Force (N) Run #4,Position (m) Run #4,Velocity (m/s) Run #4,Acceleration (m/s²) Run #4,Time (s) Run #5,Position (m) Run #5,Velocity (m/s) Run #5,Acceleration (m/s²) Run #5,Force (N) Run #5,Time (s) Run #6,Position (m) Run #6,Velocity (m/s) Run #6,Acceleration (m/s²) Run #6,Force (N) Run #6
0,0,0.17,,,0,-7.10E-15,0.18,,,0,-7.10E-15,0.14,,,0,-7.10E-15,0.15,,,0,0.18,,,-7.10E-15,0,0.16,,,-7.10E-15
0.05,0,0.17,0,,0.05,-7.10E-15,0.18,0,,0.05,0,0.14,0,,0.05,0,0.15,0,,0.05,0.18,-0.01,,-7.10E-15,0.05,0.16,0.01,,-7.10E-15
0.1,0,0.17,-5.85E-04,0.04,0.1,-7.10E-15,0.18,-5.79E-04,0.03,0.1,-7.10E-15,0.14,0,0.03,0.1,0,0.15,5.63E-04,0.05,0.1,0.18,0,0.08,-7.10E-15,0.1,0.16,0,-0.02,-7.10E-15
0.15,0,0.17,5.79E-04,0.01,0.15,-7.10E-15,0.18,5.95E-06,0.01,0.15,0,0.14,0,0,0.15,-7.10E-15,0.15,0,0.01,0.15,0.18,0,0.03,-7.10E-15,0.15,0.16,0,-0.03,-7.10E-15
0.2,0,0.17,0,1.89E-05,0.2,-7.10E-15,0.18,-5.73E-04,-1.98E-05,0.2,-7.10E-15,0.14,5.78E-04,-0.01,0.2,0,0.15,0,-0.01,0.2,0.18,0,0,-7.10E-15,0.2,0.16,5.79E-04,-0.02,0
0.25,0,0.17,0,0,0.25,-7.10E-15,0.18,-5.79E-04,0,0.25,-7.10E-15,0.14,0,-0.01,0.25,0,0.15,0,-0.01,0.25,0.18,5.79E-04,-0.01,-7.10E-15,0.25,0.16,0,-0.01,-7.10E-15
0.3,0,0.17,0,0,0.3,-7.10E-15,0.18,0,0,0.3,0,0.14,0,0,0.3,0,0.15,4.91E-06,0,0.3,0.18,0,-0.01,-7.10E-15,0.3,0.16,0,0,-7.10E-15
0.35,0,0.17,0,0,0.35,-7.10E-15,0.18,0,0,0.35,-7.10E-15,0.14,0,0,0.35,0,0.15,-5.73E-04,0,0.35,0.18,6.12E-06,-0.01,-7.10E-15,0.35,0.16,0,0,-7.10E-15
0.4,0,0.17,0,0,0.4,-7.10E-15,0.18,-5.95E-06,0,0.4,-7.10E-15,0.14,0,0,0.4,0,0.15,-5.78E-04,0.01,0.4,0.18,-5.67E-04,-0.01,-7.10E-15,0.4,0.16,5.45E-06,-0.01,-7.10E-15
0.45,0,0.17,0,0,0.45,-7.10E-15,0.18,5.73E-04,0,0.45,-7.10E-15,0.14,0,0,0.45,0,0.15,-9.83E-06,0.01,0.45,0.18,0,0,0,0.45,0.16,-5.68E-04,-0.01,-7.10E-15
0.5,0,0.17,0,0,0.5,-7.10E-15,0.18,5.79E-04,0,0.5,-7.10E-15,0.14,0,0,0.5,0,0.15,0,0,0.5,0.18,0,0,-7.10E-15,0.5,0.16,0,0,0
0.55,0,0.17,0,0,0.55,-7.10E-15,0.18,5.95E-06,-0.01,0.55,-7.10E-15,0.14,0,0,0.55,0,0.15,5.83E-04,-0.01,0.55,0.18,-5.79E-04,0.01,-7.10E-15,0.55,0.16,0,0,-7.10E-15
0.6,0,0.17,0,0,0.6,-7.10E-15,0.18,-5.73E-04,0,0.6,-7.10E-15,0.14,0,0,0.6,0,0.15,-5.73E-04,-0.01,0.6,0.18,0,0.01,-7.10E-15,0.6,0.16,-5.79E-04,0.01,0
0.65,-7.10E-15,0.17,0,0,0.65,-7.10E-15,0.18,-5.85E-04,0.01,0.65,0,0.14,0,0,0.65,0,0.15,-5.78E-04,-1.64E-05,0.65,0.18,0,0,0,0.65,0.16,0,0.01,-7.10E-15
0.7,0,0.17,0,0,0.7,-7.10E-15,0.18,5.67E-04,0.01,0.7,-7.10E-15,0.14,0,0,0.7,0,0.15,0,0,0.7,0.18,0,0,-7.10E-15,0.7,0.16,0,0,0
0.75,0,0.17,0,0,0.75,-7.10E-15,0.18,0,9.91E-05,0.75,-7.10E-15,0.14,0,0,0.75,0,0.15,4.91E-06,0,0.75,0.18,0,0,-7.10E-15,0.75,0.16,0,0,0
0.8,0,0.17,0,0,0.8,-7.10E-15,0.18,5.85E-04,-0.01,0.8,0,0.14,0,0,0.8,0,0.15,-5.73E-04,0,0.8,0.18,0,0,0,0.8,0.16,0,-1.81E-05,0
0.85,-7.10E-15,0.17,0,0,0.85,-7.10E-15,0.18,-5.73E-04,-0.01,0.85,-7.10E-15,0.14,0,0,0.85,0,0.15,-5.78E-04,0,0.85,0.18,0,0,-7.10E-15,0.85,0.16,0,0,-7.10E-15
0.9,0,0.17,0,0,0.9,0,0.18,-5.79E-04,0,0.9,-7.10E-15,0.14,0,0,0.9,0,0.15,0,0,0.9,0.18,0,0,-7.10E-15,0.9,0.16,-5.44E-06,0,0
0.95,-7.10E-15,0.17,0,0,0.95,-0.1,0.18,-5.95E-06,0.01,0.95,-7.10E-15,0.14,0,0,0.95,0,0.15,0,0,0.95,0.18,0,0,-7.10E-15,0.95,0.16,5.73E-04,0,-0.1
1,-7.10E-15,0.17,0,0,1,-0.1,0.18,5.73E-04,0,1,-7.10E-15,0.14,0,0,1,0,0.15,0,0,1,0.18,0,0,-7.10E-15,1,0.16,5.73E-04,0,-0.5
1.05,0,0.17,0,0,1.05,-0.2,0.18,5.79E-04,0,1.05,-7.10E-15,0.14,0,0,1.05,0,0.15,0,0,1.05,0.18,0,0,-7.10E-15,1.05,0.16,5.73E-04,1.81E-05,-0.5
1.1,-7.10E-15,0.17,0,0,1.1,-0.2,0.18,5.95E-06,-0.01,1.1,-7.10E-15,0.14,0,0,1.1,-0.1,0.15,0,0,1.1,0.18,0,-2.04E-05,0,1.1,0.16,5.73E-04,0,-0.4
1.15,-7.10E-15,0.17,0,0,1.15,-0.1,0.18,-5.67E-04,-0.01,1.15,-7.10E-15,0.14,0,0,1.15,-0.1,0.15,0,0,1.15,0.18,0,0,-0.3,1.15,0.16,5.79E-04,-0.01,-0.4
1.2,-0.1,0.17,0,0,1.2,-0.1,0.18,0,-5.95E-05,1.2,0,0.14,0,0,1.2,-0.1,0.15,0,0,1.2,0.18,-6.12E-06,0,-0.2,1.2,0.16,1.09E-05,-0.01,-0.5
1.25,0,0.17,0,0,1.25,-0.1,0.18,-5.79E-04,0.01,1.25,-0.1,0.14,0,0,1.25,-0.1,0.15,0,0,1.25,0.18,5.73E-04,0,-0.3,1.25,0.16,0,-0.01,-0.6
1.3,-0.2,0.17,0,0,1.3,-0.2,0.18,0,0.01,1.3,-0.1,0.14,0,0,1.3,-0.2,0.15,0,0,1.3,0.18,5.79E-04,0,-0.3,1.3,0.16,0,0,-0.7
1.35,-0.2,0.17,0,0,1.35,-0.4,0.18,0,0,1.35,-0.1,0.14,0,0,1.35,-0.2,0.15,0,0,1.35,0.18,6.12E-06,-0.01,-0.4,1.35,0.16,-5.79E-04,0.01,-0.7
1.4,-0.2,0.17,0,0,1.4,-0.5,0.18,0,0,1.4,-0.1,0.14,0,0,1.4,-0.3,0.15,0,0,1.4,0.18,-5.73E-04,0,-0.5,1.4,0.16,-5.44E-06,0.01,-0.7
1.45,-0.2,0.17,0,0,1.45,-0.6,0.18,0,0,1.45,-0.1,0.14,0,0,1.45,-0.2,0.15,0,0,1.45,0.18,-5.79E-04,0,-0.6,1.45,0.16,5.68E-04,0.01,-0.7
1.5,-0.2,0.17,0,0,1.5,-0.5,0.18,0,0,1.5,-0.1,0.14,0,0,1.5,-0.2,0.15,0,0,1.5,0.18,0,0,-0.6,1.5,0.16,0,0,-0.8
1.55,-0.3,0.17,0,0,1.55,-0.6,0.18,0,0,1.55,-0.1,0.14,0,0,1.55,-0.2,0.15,0,0,1.55,0.18,0,0,-0.7,1.55,0.16,0,-0.01,-0.9
1.6,-0.3,0.17,0,0,1.6,-0.5,0.18,0,0,1.6,-0.1,0.14,0,0,1.6,-0.1,0.15,0,0,1.6,0.18,0,0,-0.9,1.6,0.16,5.84E-04,-0.01,-0.8
1.65,-0.4,0.17,0,0,1.65,-0.5,0.18,0,0,1.65,-0.1,0.14,0,0,1.65,-0.6,0.15,0,0,1.65,0.18,0,0,-1.1,1.65,0.16,-5.68E-04,-0.01,-0.9
1.7,-0.6,0.17,0,0,1.7,-0.8,0.18,0,0,1.7,-0.2,0.14,0,0,1.7,-0.8,0.15,0,0,1.7,0.18,0,0,-1.2,1.7,0.16,0,-0.01,-1
1.75,-0.5,0.17,0,0,1.75,-0.9,0.18,0,0,1.75,-0.3,0.14,0,0,1.75,-0.5,0.15,0,0,1.75,0.18,0,0,-1.4,1.75,0.16,0,0.01,-1.1
1.8,-0.6,0.17,0,0,1.8,-0.9,0.18,0,0,1.8,-0.2,0.14,0,0,1.8,-0.5,0.15,0,0,1.8,0.18,0,0,-1.5,1.8,0.16,-5.84E-04,0.01,-1.2
1.85,-0.5,0.17,0,0,1.85,-0.9,0.18,0,0,1.85,-0.1,0.14,0,0,1.85,-0.7,0.15,0,0,1.85,0.18,0,0,-1.6,1.85,0.16,5.68E-04,0.01,-1.2
1.9,-0.5,0.17,0,0,1.9,-1.1,0.18,0,0,1.9,-0.1,0.14,0,0,1.9,-0.9,0.15,0,0,1.9,0.18,0,0,-1.8,1.9,0.16,0,0.01,-1.4
1.95,-0.6,0.17,0,0,1.95,-1.1,0.18,0,0,1.95,-0.3,0.14,0,0,1.95,-0.9,0.15,0,0,1.95,0.18,0,0,-1.7,1.95,0.16,5.68E-04,0.02,-1.5
2,-0.6,0.17,0,0,2,-0.9,0.18,0,0,2,-0.3,0.14,0,0,2,-0.9,0.15,0,0,2,0.18,0,0,-1.8,2,0.16,0,0.06,-1.5
2.05,-0.6,0.17,0,0,2.05,-1,0.18,0,0,2.05,-0.2,0.14,0,0,2.05,-1.1,0.15,0,0,2.05,0.18,0,0,-1.8,2.05,0.16,0.01,0.14,-1.7
2.1,-0.8,0.17,0,0,2.1,-1.2,0.18,0,0,2.1,-0.3,0.14,0,0,2.1,-1.1,0.15,0,0,2.1,0.18,0,-1.22E-04,-1.8,2.1,0.16,0.02,0.2,-1.6
2.15,-0.8,0.17,0,0,2.15,-1.4,0.18,0,0,2.15,-0.4,0.14,0,0,2.15,-1.2,0.15,0,-4.91E-05,2.15,0.18,0,0.01,-1.9,2.15,0.16,0.03,0.26,-1.7
2.2,-1,0.17,0,0,2.2,-1.5,0.18,0,0,2.2,-0.4,0.14,0,0,2.2,-1.3,0.15,0,0.01,2.2,0.18,-3.67E-05,0.06,-2,2.2,0.17,0.04,0.31,-1.9
2.25,-1.1,0.17,0,0,2.25,-1.5,0.18,0,0,2.25,-0.4,0.14,0,0,2.25,-1.3,0.15,-1.47E-05,0.03,2.25,0.18,0,0.14,-2.1,2.25,0.17,0.06,0.38,-2.1
2.3,-1.1,0.17,0,0,2.3,-1.7,0.18,0,0,2.3,-0.4,0.14,0,0,2.3,-1.5,0.15,0,0.06,2.3,0.18,0.01,0.22,-2.1,2.3,0.17,0.08,0.45,-2.4
2.35,-1.1,0.17,0,0,2.35,-1.7,0.18,0,0,2.35,-0.4,0.14,0,0,2.35,-1.5,0.15,0.01,0.1,2.35,0.18,0.03,0.24,-1.8,2.35,0.18,0.1,0.48,-2.6
2.4,-1.2,0.17,0,0,2.4,-1.8,0.18,0,0,2.4,-0.4,0.14,0,0,2.4,-1.3,0.15,0.01,0.11,2.4,0.19,0.04,0.22,-1.7,2.4,0.18,0.13,0.45,-2.7
2.45,-1.3,0.17,0,0,2.45,-1.8,0.18,0,0,2.45,-0.4,0.14,0,0,2.45,-1.5,0.15,0.02,0.1,2.45,0.19,0.05,0.19,-1.7,2.45,0.19,0.15,0.37,-2.7
2.5,-1.3,0.17,0,0,2.5,-1.9,0.18,0,0,2.5,-0.5,0.14,0,0,2.5,-1.5,0.15,0.02,0.07,2.5,0.19,0.06,0.2,-1.8,2.5,0.2,0.17,0.28,-2.5
2.55,-1.3,0.17,0,0,2.55,-1.9,0.18,0,-1.98E-05,2.55,-0.5,0.14,0,0,2.55,-1.5,0.15,0.03,0.06,2.55,0.19,0.07,0.25,-1.9,2.55,0.21,0.18,0.19,-2.4
2.6,-1.3,0.17,0,0,2.6,-1.8,0.18,0,0,2.6,-0.6,0.14,0,0,2.6,-1.6,0.15,0.03,0.05,2.6,0.2,0.08,0.32,-2.1,2.6,0.22,0.19,0.14,-2.3
2.65,-1.3,0.17,0,0,2.65,-1.9,0.18,-5.95E-06,0.01,2.65,-0.6,0.14,0,0,2.65,-1.6,0.15,0.03,0.04,2.65,0.2,0.1,0.41,-2.4,2.65,0.23,0.19,0.11,-2.3
2.7,-1.3,0.17,0,0,2.7,-2,0.18,5.38E-04,0.05,2.7,-0.7,0.14,0,0,2.7,-1.6,0.16,0.03,0.03,2.7,0.21,0.12,0.5,-2.7,2.7,0.23,0.2,0.09,-2.2
2.75,-1.4,0.17,0,0,2.75,-2.2,0.18,0,0.12,2.75,-0.7,0.14,0,0,2.75,-1.6,0.16,0.03,0.02,2.75,0.21,0.15,0.53,-3,2.75,0.24,0.2,0.05,-2.1
2.8,-1.6,0.17,0,-1.12E-04,2.8,-2.1,0.18,0.01,0.19,2.8,-0.7,0.14,0,0,2.8,-1.6,0.16,0.03,0.01,2.8,0.22,0.18,0.47,-2.9,2.8,0.25,0.2,-0.03,-2
2.85,-1.7,0.17,0,0.01,2.85,-1.7,0.18,0.02,0.22,2.85,-0.8,0.14,0,0,2.85,-1.6,0.16,0.03,0.01,2.85,0.23,0.2,0.34,-2.6,2.85,0.27,0.2,-0.11,-2
2.9,-1.9,0.17,-3.37E-05,0.05,2.9,-1.7,0.18,0.04,0.19,2.9,-0.8,0.14,0,0,2.9,-1.6,0.16,0.04,0.01,2.9,0.24,0.21,0.21,-2.4,2.9,0.27,0.19,-0.15,-1.9
2.95,-2,0.17,0,0.14,2.95,-1.7,0.18,0.05,0.14,2.95,-0.8,0.14,0,0,2.95,-1.5,0.16,0.04,0.02,2.95,0.25,0.22,0.12,-2.2,2.95,0.28,0.18,-0.12,-1.8
3,-2,0.17,0.01,0.23,3,-1.7,0.19,0.05,0.11,3,-0.9,0.14,0,0,3,-1.6,0.17,0.04,0.07,3,0.27,0.22,0.03,-2,3,0.29,0.17,-0.05,-1.8
3.05,-1.8,0.17,0.03,0.3,3.05,-1.7,0.19,0.05,0.12,3.05,-0.9,0.14,0,0,3.05,-1.7,0.17,0.04,0.14,3.05,0.28,0.23,-0.08,-1.9,3.05,0.3,0.18,-0.06,-1.8
3.1,-1.9,0.17,0.04,0.33,3.1,-1.9,0.19,0.06,0.17,3.1,-1,0.14,0,0,3.1,-1.9,0.17,0.05,0.23,3.1,0.29,0.22,-0.19,-2,3.1,0.31,0.18,-0.2,-1.7
3.15,-2,0.17,0.06,0.35,3.15,-1.9,0.19,0.07,0.21,3.15,-1,0.14,0,1.54E-05,3.15,-2.1,0.17,0.06,0.34,3.15,0.3,0.2,-0.24,-1.9,3.15,0.32,0.16,-0.36,-1.8
3.2,-2.1,0.18,0.08,0.36,3.2,-2,0.2,0.08,0.19,3.2,-1,0.14,0,0,3.2,-2.2,0.18,0.08,0.47,3.2,0.31,0.19,-0.21,-1.9,3.2,0.33,0.13,-0.37,-1.8
3.25,-2.3,0.18,0.1,0.33,3.25,-2,0.2,0.09,0.12,3.25,-1,0.14,4.62E-06,0,3.25,-2.4,0.18,0.11,0.55,3.25,0.32,0.18,-0.14,-1.8,3.25,0.33,0.12,-0.23,-1.7
3.3,-2.4,0.19,0.11,0.25,3.3,-1.9,0.21,0.1,0.06,3.3,-1,0.14,-5.73E-04,0,3.3,-2.7,0.19,0.14,0.55,3.3,0.33,0.18,-0.1,-1.8,3.3,0.34,0.11,-0.08,-1.8
3.35,-2.4,0.19,0.12,0.17,3.35,-1.9,0.21,0.1,6.82E-04,3.35,-1,0.14,-5.78E-04,0,3.35,-2.7,0.2,0.17,0.47,3.35,0.34,0.17,-0.1,-1.7,3.35,0.34,0.11,-0.03,-1.8
3.4,-2.1,0.2,0.13,0.13,3.4,-1.9,0.22,0.1,-0.05,3.4,-1,0.14,-4.62E-06,0.01,3.4,-2.5,0.2,0.19,0.35,3.4,0.34,0.17,-0.11,-1.8,3.4,0.35,0.11,-0.02,-1.8
3.45,-2,0.21,0.14,0.13,3.45,-1.8,0.22,0.09,-0.1,3.45,-1,0.14,5.78E-04,3.08E-05,3.45,-2.5,0.21,0.21,0.24,3.45,0.35,0.16,-0.09,-1.8,3.45,0.35,0.11,0.03,-1.8
3.5,-1.9,0.21,0.14,0.1,3.5,-1.9,0.23,0.08,-0.1,3.5,-1,0.14,4.62E-06,0,3.5,-2.2,0.22,0.21,0.11,3.5,0.36,0.16,-0.06,-1.7,3.5,0.36,0.11,0.11,-1.8
3.55,-1.9,0.22,0.15,0.03,3.55,-1.7,0.23,0.08,-0.09,3.55,-1.1,0.14,-5.78E-04,-4.62E-05,3.55,-2,0.24,0.22,0.02,3.55,0.37,0.16,-0.06,-1.7,3.55,0.37,0.12,0.13,-1.8
3.6,-1.8,0.23,0.15,-0.07,3.6,-1.8,0.23,0.08,-0.08,3.6,-1.1,0.14,-4.62E-06,0.01,3.6,-2,0.25,0.21,-0.03,3.6,0.38,0.15,-0.09,-1.7,3.6,0.37,0.13,0.09,-1.8
3.65,-1.9,0.24,0.14,-0.14,3.65,-1.8,0.24,0.07,-0.09,3.65,-1.1,0.14,5.73E-04,0,3.65,-1.9,0.26,0.21,-0.07,3.65,0.38,0.15,-0.14,-1.7,3.65,0.38,0.13,0.01,-1.8
3.7,-1.8,0.24,0.13,-0.16,3.7,-1.7,0.24,0.07,-0.1,3.7,-1.1,0.14,5.78E-04,0,3.7,-1.9,0.27,0.21,-0.14,3.7,0.39,0.14,-0.16,-1.7,3.7,0.39,0.13,-0.05,-1.8
3.75,-1.8,0.25,0.12,-0.13,3.75,-1.7,0.25,0.06,-0.08,3.75,-1.1,0.14,0,0,3.75,-1.9,0.28,0.2,-0.27,3.75,0.4,0.13,-0.11,-1.8,3.75,0.39,0.13,-0.07,-1.8
3.8,-1.7,0.25,0.12,-0.08,3.8,-1.7,0.25,0.06,-0.05,3.8,-1.2,0.14,0,0,3.8,-1.9,0.29,0.18,-0.4,3.8,0.4,0.13,-0.04,-1.8,3.8,0.4,0.12,-0.06,-1.7
3.85,-1.8,0.26,0.11,0,3.85,-1.7,0.25,0.06,-0.02,3.85,-1.2,0.14,0,0,3.85,-1.8,0.3,0.16,-0.48,3.85,0.41,0.13,-0.01,-1.9,3.85,0.4,0.12,-0.02,-1.8
3.9,-1.8,0.27,0.12,0.06,3.9,-1.7,0.25,0.06,0.01,3.9,-1.2,0.14,0,0,3.9,-1.9,0.3,0.13,-0.44,3.9,0.42,0.13,-0.01,-1.9,3.9,0.41,0.12,0,-1.7
3.95,-1.6,0.27,0.12,0.03,3.95,-1.8,0.26,0.06,0.02,3.95,-1.2,0.14,0,0,3.95,-1.9,0.31,0.11,-0.27,3.95,0.42,0.13,0,-1.9,3.95,0.42,0.12,-0.02,-1.8
4,-1.5,0.28,0.12,-0.08,4,-1.7,0.26,0.06,0.01,4,-1.3,0.14,0,0,4,-1.8,0.31,0.1,-0.05,4,0.43,0.12,0.03,-2,4,0.42,0.12,-0.07,-1.7
4.05,-1.6,0.28,0.12,-0.17,4.05,-1.6,0.26,0.06,-0.01,4.05,-1.3,0.14,0,0,4.05,-1.8,0.32,0.11,0.1,4.05,0.43,0.13,0.06,-2,4.05,0.43,0.11,-0.1,-1.8
4.1,-1.6,0.29,0.1,-0.22,4.1,-1.6,0.27,0.06,-0.03,4.1,-1.3,0.14,0,0,4.1,-1.8,0.32,0.12,0.14,4.1,0.44,0.13,0.08,-2,4.1,0.43,0.11,-0.1,-1.8
4.15,-1.6,0.3,0.09,-0.23,4.15,-1.6,0.27,0.06,-0.04,4.15,-1.6,0.14,0,-4.62E-05,4.15,-1.7,0.33,0.12,0.11,4.15,0.45,0.14,0.07,-1.9,4.15,0.44,0.1,-0.07,-1.8
4.2,-1.6,0.3,0.08,-0.21,4.2,-1.6,0.27,0.05,-0.03,4.2,-1.7,0.14,0,0.01,4.2,-1.7,0.34,0.13,0.07,4.2,0.46,0.14,0.04,-1.9,4.2,0.44,0.1,-0.04,-1.8
4.25,-1.6,0.3,0.07,-0.12,4.25,-1.6,0.27,0.05,-0.01,4.25,-1.7,0.14,-1.38E-05,0.03,4.25,-1.8,0.34,0.13,0.06,4.25,0.46,0.14,0.02,-1.9,4.25,0.45,0.1,-0.01,-1.8
4.3,-1.6,0.31,0.07,0.04,4.3,-1.7,0.28,0.05,0.04,4.3,-1.9,0.14,0,0.1,4.3,-1.7,0.35,0.13,0.04,4.3,0.47,0.14,0.02,-1.9,4.3,0.45,0.1,0.02,-2
4.35,-1.6,0.31,0.07,0.14,4.35,-1.6,0.28,0.06,0.09,4.35,-2,0.14,0.01,0.19,4.35,-1.7,0.36,0.13,-0.03,4.35,0.48,0.14,0.04,-1.9,4.35,0.46,0.1,0.05,-1.9
4.4,-1.6,0.31,0.09,0.14,4.4,-1.6,0.28,0.06,0.1,4.4,-1.9,0.14,0.02,0.26,4.4,-1.8,0.36,0.13,-0.13,4.4,0.48,0.15,0.05,-2,4.4,0.46,0.1,0.08,-2
4.45,-1.6,0.32,0.09,0.12,4.45,-1.6,0.28,0.07,0.06,4.45,-1.9,0.14,0.04,0.27,4.45,-1.8,0.37,0.12,-0.15,4.45,0.49,0.15,0.06,-2,4.45,0.47,0.11,0.11,-2.1
4.5,-1.7,0.32,0.09,0.15,4.5,-1.6,0.29,0.07,-0.02,4.5,-2,0.14,0.05,0.2,4.5,-1.8,0.38,0.11,-0.09,4.5,0.5,0.15,0.08,-2,4.5,0.47,0.11,0.13,-2
4.55,-1.6,0.33,0.1,0.13,4.55,-1.6,0.29,0.07,-0.06,4.55,-2,0.15,0.06,0.09,4.55,-1.8,0.38,0.11,0.01,4.55,0.51,0.16,0.11,-2,4.55,0.48,0.12,0.14,-2
4.6,-1.6,0.33,0.12,-0.09,4.6,-1.7,0.3,0.06,-0.07,4.6,-1.8,0.15,0.06,-0.02,4.6,-1.8,0.39,0.11,0.03,4.6,0.51,0.16,0.13,-1.9,4.6,0.49,0.13,0.14,-2.1
4.65,-1.5,0.34,0.1,-0.4,4.65,-1.6,0.3,0.06,-0.05,4.65,-1.7,0.15,0.06,-0.08,4.65,-1.8,0.39,0.12,-0.01,4.65,0.52,0.17,0.12,-1.9,4.65,0.49,0.14,0.12,-2.1
4.7,-1.5,0.34,0.07,-0.5,4.7,-1.6,0.3,0.06,-0.04,4.7,-1.6,0.15,0.05,-0.11,4.7,-1.7,0.4,0.11,-0.03,4.7,0.53,0.18,0.03,-1.8,4.7,0.5,0.14,0.09,-2
4.75,-1.6,0.35,0.03,-0.32,4.75,-1.6,0.3,0.05,-0.04,4.75,-1.5,0.16,0.04,-0.1,4.75,-1.8,0.4,0.11,0.04,4.75,0.54,0.17,-0.06,-1.8,4.75,0.51,0.14,0.1,-2
4.8,-1.5,0.35,0.03,-0.06,4.8,-1.6,0.31,0.05,-0.05,4.8,-1.5,0.16,0.04,-0.07,4.8,-1.8,0.41,0.11,0.13,4.8,0.55,0.17,-0.09,-1.8,4.8,0.51,0.15,0.15,-2
4.85,-1.6,0.35,0.04,0.08,4.85,-1.5,0.31,0.05,-0.07,4.85,-1.5,0.16,0.04,-0.04,4.85,-1.8,0.41,0.13,0.13,4.85,0.56,0.16,-0.05,-1.7,4.85,0.52,0.16,0.19,-2
4.9,-1.5,0.35,0.04,0.1,4.9,-1.6,0.31,0.05,-0.08,4.9,-1.5,0.16,0.04,-0.01,4.9,-1.8,0.42,0.13,0.04,4.9,0.56,0.16,-0.02,-1.7,4.9,0.53,0.17,0.19,-2
4.95,-1.6,0.35,0.05,0.12,4.95,-1.5,0.31,0.04,-0.07,4.95,-1.5,0.16,0.04,0.01,4.95,-1.9,0.43,0.13,-0.03,4.95,0.57,0.16,-0.03,-1.8,4.95,0.54,0.18,0.12,-2
5,-1.5,0.36,0.05,0.13,5,-1.6,0.32,0.04,0.01,5,-1.5,0.17,0.04,0.02,5,-1.8,0.43,0.12,-0.03,5,0.58,0.16,-0.07,-1.6,5,0.55,0.18,0.05,-2
5.05,-1.6,0.36,0.06,0.11,5.05,-1.5,0.32,0.04,0.11,5.05,-1.6,0.17,0.04,0.04,5.05,-1.9,0.44,0.12,-0.01,5.05,0.59,0.16,-0.13,-1.7,5.05,0.56,0.18,-0.01,-1.9
5.1,-1.6,0.36,0.07,0.1,5.1,-1.5,0.32,0.05,0.15,5.1,-1.6,0.17,0.04,0.07,5.1,-1.8,0.45,0.13,-0.03,5.1,0.6,0.15,-0.18,-1.7,5.1,0.57,0.18,-0.04,-2
5.15,-1.5,0.36,0.07,0.09,5.15,-1.4,0.32,0.06,0.08,5.15,-1.6,0.17,0.05,0.09,5.15,-1.7,0.45,0.12,-0.07,5.15,0.6,0.14,-0.2,-1.6,5.15,0.57,0.18,-0.08,-1.9
5.2,-1.5,0.37,0.08,0.05,5.2,-1.5,0.33,0.06,-0.03,5.2,-1.6,0.17,0.05,0.1,5.2,-1.9,0.46,0.12,-0.04,5.2,0.61,0.12,-0.14,-1.7,5.2,0.58,0.17,-0.12,-1.8
5.25,-1.6,0.37,0.08,-0.01,5.25,-1.5,0.33,0.06,-0.09,5.25,-1.5,0.18,0.06,0.09,5.25,-2,0.46,0.11,0.06,5.25,0.62,0.12,-0.05,-1.7,5.25,0.59,0.17,-0.14,-1.8
5.3,-1.5,0.38,0.07,-0.06,5.3,-1.4,0.33,0.05,-0.08,5.3,-1.5,0.18,0.06,0.1,5.3,-2.1,0.47,0.12,0.15,5.3,0.62,0.12,0.04,-1.8,5.3,0.6,0.16,-0.13,-1.7
5.35,-1.4,0.38,0.07,-0.04,5.35,-1.4,0.33,0.05,-0.05,5.35,-1.5,0.18,0.07,0.1,5.35,-2.1,0.48,0.13,0.17,5.35,0.63,0.13,0.07,-1.7,5.35,0.61,0.15,-0.1,-1.7
5.4,-1.3,0.38,0.07,-0.03,5.4,-1.5,0.34,0.04,-0.04,5.4,-1.5,0.19,0.07,0.07,5.4,-2,0.48,0.14,0.14,5.4,0.63,0.13,0.05,-1.8,5.4,0.62,0.15,-0.07,-1.8
5.45,-1.4,0.39,0.07,-0.07,5.45,-1.5,0.34,0.04,-0.04,5.45,-1.5,0.19,0.07,0.01,5.45,-2,0.49,0.15,0.12,5.45,0.64,0.13,0.02,-1.7,5.45,0.62,0.15,-0.05,-1.7
5.5,-1.5,0.39,0.07,-0.16,5.5,-1.5,0.34,0.04,-0.04,5.5,-1.6,0.19,0.07,-0.05,5.5,-2,0.5,0.15,0.14,5.5,0.65,0.13,-0.01,-1.9,5.5,0.63,0.14,-0.03,-1.8
5.55,-1.4,0.39,0.05,-0.2,5.55,-1.5,0.34,0.04,-0.05,5.55,-1.6,0.2,0.07,-0.09,5.55,-2,0.5,0.16,0.16,5.55,0.65,0.13,-0.03,-1.7,5.55,0.64,0.14,-0.02,-1.8
5.6,-1.5,0.4,0.04,-0.15,5.6,-1.5,0.34,0.04,-0.06,5.6,-1.7,0.2,0.06,-0.13,5.6,-1.9,0.51,0.17,0.13,5.6,0.66,0.13,-0.05,-1.5,5.6,0.64,0.14,-8.68E-04,-1.8
5.65,-1.4,0.4,0.04,-0.06,5.65,-1.5,0.35,0.03,-0.03,5.65,-1.6,0.2,0.06,-0.15,5.65,-1.9,0.52,0.18,0.09,5.65,0.67,0.12,-0.05,-1.5,5.65,0.65,0.14,0.02,-1.8
5.7,-1.4,0.4,0.04,0.02,5.7,-1.5,0.35,0.03,0.04,5.7,-1.6,0.21,0.05,-0.14,5.7,-1.8,0.53,0.18,0.06,5.7,0.67,0.12,-0.03,-1.5,5.7,0.66,0.14,0.04,-1.8
5.75,-1.5,0.4,0.04,0.02,5.75,-1.5,0.35,0.04,0.15,5.75,-1.6,0.21,0.04,-0.09,5.75,-1.8,0.54,0.18,0.05,5.75,0.68,0.12,-0.02,-1.4,5.75,0.67,0.15,0.06,-1.6
5.8,-1.5,0.4,0.04,-0.02,5.8,-1.5,0.35,0.05,0.17,5.8,-1.6,0.21,0.04,-0.01,5.8,-1.8,0.55,0.18,0.02,5.8,0.69,0.12,-9.32E-04,-1.5,5.8,0.67,0.15,0.05,-1.7
5.85,-1.5,0.41,0.04,-0.05,5.85,-1.5,0.35,0.06,0.06,5.85,-1.6,0.21,0.04,0.05,5.85,-1.9,0.56,0.19,-0.09,5.85,0.69,0.12,0.02,-1.5,5.85,0.68,0.15,0.03,-1.6
5.9,-1.4,0.41,0.03,-0.02,5.9,-1.6,0.36,0.06,-0.09,5.9,-1.6,0.21,0.04,0.07,5.9,-1.9,0.57,0.18,-0.21,5.9,0.7,0.12,0.06,-1.5,5.9,0.69,0.15,0.01,-1.5
5.95,-1.4,0.41,0.03,0.03,5.95,-1.5,0.36,0.04,-0.1,5.95,-1.6,0.22,0.05,0.07,5.95,-1.8,0.58,0.16,-0.24,5.95,0.7,0.13,0.11,-1.5,5.95,0.7,0.15,0.03,-1.5
6,-1.4,0.41,0.04,0.05,6,-1.5,0.36,0.04,0.02,6,-1.7,0.22,0.05,0.05,6,-1.8,0.58,0.15,-0.14,6,0.71,0.13,0.13,-1.5,6,0.7,0.16,0.08,-1.6
6.05,-1.5,0.41,0.04,0.04,6.05,-1.5,0.36,0.05,0.13,6.05,-1.8,0.22,0.05,0.03,6.05,-1.9,0.59,0.15,-0.04,6.05,0.72,0.14,0.09,-1.4,6.05,0.71,0.16,0.15,-1.5
6.1,-1.5,0.41,0.04,0.02,6.1,-1.5,0.37,0.06,0.1,6.1,-1.7,0.22,0.05,0.01,6.1,-1.7,0.6,0.15,-0.02,6.1,0.72,0.14,0.01,-1.4,6.1,0.72,0.17,0.15,-1.4
6.15,-1.5,0.42,0.04,0.02,6.15,-1.5,0.37,0.06,-0.01,6.15,-1.6,0.23,0.05,-0.01,6.15,-1.7,0.61,0.15,-0.05,6.15,0.73,0.14,-0.05,-1.3,6.15,0.73,0.18,0.03,-1.3
6.2,-1.5,0.42,0.04,0.02,6.2,-1.5,0.37,0.06,-0.09,6.2,-1.5,0.23,0.05,-0.01,6.2,-1.7,0.61,0.14,-0.05,6.2,0.74,0.14,-0.07,-1.5,6.2,0.74,0.18,-0.13,-1.3
6.25,-1.5,0.42,0.04,0.02,6.25,-1.5,0.37,0.05,-0.04,6.25,-1.6,0.23,0.05,0,6.25,-1.7,0.62,0.14,-0.02,6.25,0.75,0.13,-0.07,-1.5,6.25,0.75,0.16,-0.23,-1.3
6.3,-1.5,0.42,0.04,0.02,6.3,-1.5,0.38,0.05,0.04,6.3,-1.6,0.23,0.05,0.02,6.3,-1.7,0.63,0.14,0,6.3,0.75,0.13,-0.09,-1.5,6.3,0.75,0.15,-0.22,-1.2
6.35,-1.6,0.43,0.05,0.03,6.35,-1.5,0.38,0.06,0.04,6.35,-1.6,0.24,0.05,0.02,6.35,-1.6,0.63,0.14,0.01,6.35,0.76,0.13,-0.11,-1.5,6.35,0.76,0.14,-0.15,-1.1
6.4,-1.6,0.43,0.05,0.04,6.4,-1.4,0.38,0.06,-0.02,6.4,-1.6,0.24,0.05,0.01,6.4,-1.8,0.64,0.14,-0.01,6.4,0.76,0.12,-0.07,-1.4,6.4,0.77,0.14,-0.09,-1.1
6.45,-1.5,0.43,0.05,0.05,6.45,-1.4,0.39,0.05,-0.07,6.45,-1.6,0.24,0.05,0.01,6.45,-1.7,0.65,0.14,-0.01,6.45,0.77,0.11,0.07,-1.4,6.45,0.78,0.13,-0.11,-1
6.5,-1.6,0.43,0.05,0.03,6.5,-1.4,0.39,0.05,-0.06,6.5,-1.7,0.25,0.05,0.01,6.5,-1.7,0.65,0.14,8.78E-04,6.5,0.78,0.12,0.2,-1.3,6.5,0.78,0.13,-0.19,-1
6.55,-1.6,0.44,0.05,0,6.55,-1.5,0.39,0.05,-0.04,6.55,-1.7,0.25,0.06,0.02,6.55,-1.7,0.66,0.14,0.03,6.55,0.78,0.14,0.19,-1.3,6.55,0.79,0.12,-0.26,-1
6.6,-1.6,0.44,0.05,-0.02,6.6,-1.4,0.39,0.05,-0.04,6.6,-1.7,0.25,0.06,0.02,6.6,-1.6,0.67,0.14,0.04,6.6,0.79,0.15,0.04,-1.2,6.6,0.79,0.1,-0.25,-1
6.65,-1.6,0.44,0.05,-0.03,6.65,-1.4,0.39,0.04,-0.03,6.65,-1.7,0.25,0.06,0.01,6.65,-1.5,0.68,0.14,0.04,6.65,0.8,0.15,-0.15,-1.2,6.65,0.8,0.09,-0.16,-1
6.7,-1.5,0.44,0.05,-0.03,6.7,-1.5,0.4,0.04,-0.02,6.7,-1.6,0.26,0.06,0.01,6.7,-1.5,0.68,0.15,0.01,6.7,0.81,0.13,-0.23,-1.2,6.7,0.8,0.08,-0.06,-1
6.75,-1.5,0.45,0.05,-0.01,6.75,-1.5,0.4,0.04,0,6.75,-1.6,0.26,0.06,0.02,6.75,-1.5,0.69,0.14,0.01,6.75,0.81,0.12,-0.16,-1.3,6.75,0.81,0.08,-0.01,-1
6.8,-1.5,0.45,0.05,0.01,6.8,-1.5,0.4,0.04,0.02,6.8,-1.5,0.26,0.06,0.03,6.8,-1.5,0.7,0.14,0.02,6.8,0.82,0.11,0.01,-1.3,6.8,0.81,0.08,-4.59E-04,-1
6.85,-1.5,0.45,0.05,0.02,6.85,-1.5,0.4,0.04,0.04,6.85,-1.5,0.27,0.06,0.03,6.85,-1.5,0.7,0.15,0.01,6.85,0.82,0.12,0.12,-1.3,6.85,0.81,0.08,0.01,-1
6.9,-1.6,0.45,0.05,0.01,6.9,-1.4,0.41,0.05,0.04,6.9,-1.8,0.27,0.06,0.03,6.9,-1.4,0.71,0.15,-0.03,6.9,0.83,0.13,0.08,-1.4,6.9,0.82,0.08,0.02,-1
6.95,-1.6,0.46,0.05,0,6.95,-1.4,0.41,0.05,0.02,6.95,-1.7,0.27,0.06,0.03,6.95,-1.4,0.72,0.15,-0.1,6.95,0.84,0.13,0.25,-1.5,6.95,0.82,0.09,0.02,-1
7,-1.6,0.46,0.05,0.01,7,-1.4,0.41,0.05,-0.03,7,-1.6,0.27,0.07,0.03,7,-1.3,0.73,0.14,-0.14,7,0.84,0.12,-5.12,-1.5,7,0.83,0.09,-0.01,-1
7.05,-1.6,0.46,0.05,0.02,7.05,-1.4,0.41,0.05,-0.06,7.05,-1.6,0.28,0.07,0.03,7.05,-1.3,0.73,0.13,-0.13,7.05,0.85,0.2,-16.6,-1.5,7.05,0.83,0.08,-0.04,-0.9
7.1,-1.7,0.46,0.05,0.03,7.1,-1.4,0.41,0.04,-0.08,7.1,-1.7,0.28,0.07,0.02,7.1,-1.4,0.74,0.12,-0.07,7.1,0.85,-1.47,-23.38,-1.4,7.1,0.84,0.08,-0.03,-1
7.15,-1.7,0.47,0.05,0.03,7.15,-1.5,0.42,0.04,-0.05,7.15,-1.6,0.28,0.07,0,7.15,-1.3,0.75,0.12,-0.03,7.15,0.89,-3.25,-13.58,-1.3,7.15,0.84,0.08,0.01,-0.9
7.2,-1.6,0.47,0.06,0.02,7.2,-1.5,0.42,0.03,-0.02,7.2,-1.6,0.29,0.07,-0.02,7.2,-1.2,0.75,0.12,-0.03,7.2,0.36,-3.44,15.33,-1.3,7.2,0.84,0.08,0.05,-0.9
7.25,-1.5,0.47,0.06,0.01,7.25,-1.5,0.42,0.03,0,7.25,-1.6,0.29,0.07,-0.03,7.25,-1.3,0.76,0.12,-0.04,7.25,0.36,-1.91,34.49,-1.2,7.25,0.85,0.09,,-1
7.3,-1.6,0.47,0.06,0.01,7.3,-1.5,0.42,0.03,0.02,7.3,-1.7,0.3,0.07,-0.02,7.3,-1.2,0.76,0.12,-0.05,7.3,0.34,1.78,24.04,-1.2,7.3,0.85,0.09,,-0.9
7.35,-1.6,0.48,0.06,0.02,7.35,-1.5,0.42,0.04,0.02,7.35,-1.6,0.3,0.07,0.01,7.35,-1.3,0.77,0.11,-0.02,7.35,0.33,1.88,0.7,-1.1,7.35,0.86,,,-0.6
7.4,-1.6,0.48,0.06,0.03,7.4,-1.5,0.43,0.04,0.04,7.4,-1.6,0.3,0.07,0.03,7.4,-1.2,0.78,0.11,0.02,7.4,0.93,-0.01,-11.82,-1.1,7.4,,,,-0.4
7.45,-1.6,0.48,0.06,0.05,7.45,-1.5,0.43,0.04,0.05,7.45,-1.6,0.3,0.07,0.03,7.45,-1.2,0.78,0.12,0.05,7.45,0.34,0.09,-6.6,-1.2,,,,,
7.5,-1.6,0.49,0.06,0.05,7.5,-1.5,0.43,0.05,0.04,7.5,-1.6,0.31,0.07,0.02,7.5,-1.1,0.79,0.12,0.05,7.5,0.33,0.02,-8.05,-1.1,,,,,
7.55,-1.6,0.49,0.07,0.04,7.55,-1.4,0.43,0.04,0,7.55,-1.6,0.31,0.07,0.01,7.55,-1.2,0.79,0.12,-0.01,7.55,0.96,-0.13,-14.92,-1,,,,,
7.6,-1.5,0.49,0.07,0.02,7.6,-1.5,0.44,0.05,-0.06,7.6,-1.7,0.32,0.07,0.01,7.6,-1.2,0.8,0.12,-0.09,7.6,0.32,-2.2,-6.81,-0.8,,,,,
7.65,-1.5,0.5,0.07,3.29E-04,7.65,-1.5,0.43,0.04,-0.08,7.65,-1.6,0.32,0.07,0,7.65,-1.1,0.81,0.11,-0.14,7.65,0.31,-2.16,8.16,-0.7,,,,,
7.7,-1.6,0.5,0.07,-0.01,7.7,-1.5,0.44,0.03,-0.06,7.7,-1.6,0.32,0.07,-0.02,7.7,-1.2,0.81,0.1,-0.11,7.7,0.31,0.01,15.09,-0.8,,,,,
7.75,-1.5,0.5,0.07,-0.02,7.75,-1.5,0.44,0.03,-0.01,7.75,-1.5,0.33,0.07,-0.06,7.75,-1.2,0.82,0.1,-0.03,7.75,0.32,0.11,32.43,-0.8,,,,,
7.8,-1.4,0.51,0.06,-0.01,7.8,-1.5,0.44,0.03,0.02,7.8,-1.5,0.33,0.07,-0.08,7.8,-1.2,0.82,0.1,0.03,7.8,0.32,0.06,56.87,-0.9,,,,,
7.85,-1.4,0.51,0.06,0.02,7.85,-1.5,0.44,0.04,0.02,7.85,-1.5,0.33,0.06,-0.07,7.85,-1.3,0.83,0.11,0.07,7.85,0.34,7.52,46.12,-0.8,,,,,
7.9,-1.4,0.51,0.06,0.08,7.9,-1.5,0.44,0.03,0,7.9,-1.5,0.34,0.06,-0.04,7.9,-1.4,0.83,0.11,0.07,7.9,0.31,9.66,-20.75,-0.8,,,,,
7.95,-1.3,0.51,0.07,0.13,7.95,-1.5,0.45,0.03,-0.02,7.95,-1.5,0.34,0.06,0,7.95,-1.3,0.84,0.11,0.08,7.95,2.58,4.34,-91.84,-0.7,,,,,
8,-1.3,0.52,0.08,0.1,8,-1.5,0.45,0.03,-0.01,8,-1.6,0.34,0.06,0.04,8,-1.4,0.84,0.12,0.1,8,0.97,-2.99,-85.81,-0.8,,,,,
8.05,-1.3,0.52,0.08,0,8.05,-1.5,0.45,0.03,0.02,8.05,-1.6,0.34,0.06,0.06,8.05,-1.3,0.85,0.12,0.13,8.05,0.97,-7.39,-34.1,-0.6,,,,,
8.1,-1.2,0.53,0.08,-0.09,8.1,-1.4,0.45,0.04,0.02,8.1,-1.6,0.35,0.06,0.08,8.1,-1.4,0.85,0.13,0.16,8.1,1.02,-4.36,11.82,-0.2,,,,,
8.15,-1.3,0.53,0.07,-0.13,8.15,-1.5,0.45,0.04,0.03,8.15,-1.6,0.35,0.07,0.09,8.15,-1.3,0.86,0.14,0.15,8.15,0.32,-4.52,31.73,-0.1,,,,,
8.2,-1.2,0.53,0.07,-0.11,8.2,-1.4,0.46,0.03,0.03,8.2,-1.5,0.35,0.07,0.05,8.2,-1.2,0.87,0.15,0.1,8.2,0.32,-2.31,30.06,-0.1,,,,,
8.25,-1.2,0.54,0.06,-0.07,8.25,-1.5,0.46,0.04,0.01,8.25,-1.5,0.36,0.08,-0.09,8.25,-1,0.88,0.15,0.02,8.25,0.32,0.08,30.36,0,,,,,
8.3,-1.2,0.54,0.06,-0.05,8.3,-1.5,0.46,0.04,-0.07,8.3,-1.4,0.36,0.07,-0.21,8.3,-1.1,0.88,0.15,-0.03,8.3,0.33,0.06,29.46,-7.10E-15,,,,,
8.35,-1.2,0.54,0.06,-0.08,8.35,-1.5,0.46,0.04,-0.17,8.35,-1.2,0.37,0.05,-0.2,8.35,-1.1,0.89,0.14,-0.04,8.35,0.34,2.22,36.4,-7.10E-15,,,,,
8.4,-1.2,0.55,0.05,-0.14,8.4,-1.5,0.46,0.02,-0.17,8.4,-1.3,0.37,0.04,-0.1,8.4,-1,0.9,0.14,-0.01,8.4,0.32,4.39,,0,,,,,
8.45,-1.2,0.55,0.04,-0.17,8.45,-1.5,0.46,0.01,-0.09,8.45,-1.3,0.37,0.04,-0.03,8.45,-1,0.9,0.14,0.07,8.45,0.99,6.67,,0,,,,,
8.5,-1.2,0.55,0.03,-0.14,8.5,-1.5,0.46,0.01,-0.01,8.5,-1.5,0.37,0.04,0.03,8.5,-0.9,0.91,0.15,0.22,8.5,0.99,,,0,,,,,
8.55,-1.2,0.55,0.03,-0.06,8.55,-1.5,0.47,0.01,-0.04,8.55,-1.6,0.37,0.04,0.15,8.55,-0.9,0.92,0.16,0.37,8.55,,,,-7.10E-15,,,,,
8.6,-1.2,0.55,0.03,0.01,8.6,-1.6,0.46,0.01,-0.06,8.6,-1.7,0.38,0.06,0.22,8.6,-0.9,0.93,0.19,0.36,8.6,,,,0,,,,,
8.65,-1.2,0.56,0.03,0.05,8.65,-1.6,0.47,0,-0.04,8.65,-1.8,0.38,0.07,0.14,8.65,-0.9,0.94,0.21,0.02,,,,,,,,,,
8.7,-1.3,0.56,0.03,0.08,8.7,-1.6,0.46,0.01,0.07,8.7,-1.6,0.38,0.07,0.02,8.7,-0.8,0.95,0.2,-0.48,,,,,,,,,,
8.75,-1.2,0.56,0.04,0.08,8.75,-1.5,0.47,0.01,0.18,8.75,-1.5,0.39,0.07,0.01,8.75,-0.7,0.96,0.15,-0.79,,,,,,,,,,
8.8,-1.2,0.56,0.04,0.06,8.8,-1.6,0.47,0.03,0.19,8.8,-1.6,0.39,0.07,0.05,8.8,-0.7,0.97,0.1,-0.64,,,,,,,,,,
8.85,-1.2,0.56,0.05,0.02,8.85,-1.6,0.47,0.03,0.1,8.85,-1.6,0.39,0.08,2.74E-04,8.85,-0.8,0.97,0.08,-0.27,,,,,,,,,,
8.9,-1.2,0.57,0.05,-0.03,8.9,-1.5,0.47,0.04,-0.02,8.9,-1.7,0.4,0.07,-0.1,8.9,-0.6,0.97,0.09,-0.11,,,,,,,,,,
8.95,-1.1,0.57,0.04,-0.07,8.95,-1.5,0.47,0.03,-0.39,8.95,-1.6,0.4,0.06,-0.1,8.95,-1.2,0.98,0.09,-0.27,,,,,,,,,,
9,-1.2,0.57,0.04,-0.07,9,-1.4,0.47,0.03,-0.71,9,-1.8,0.4,0.06,0.01,9,-1.2,0.98,0.06,-0.51,,,,,,,,,,
9.05,-1.2,0.57,0.03,-0.04,9.05,-1.5,0.47,-0.08,-0.26,9.05,-1.8,0.41,0.07,0.09,9.05,-1.1,0.98,0.02,-0.49,,,,,,,,,,
9.1,-1.2,0.57,0.03,0.02,9.1,-1.5,0.48,-0.07,0.95,9.1,-1.8,0.41,0.07,0.09,9.1,-0.6,0.98,-6.72E-04,-0.27,,,,,,,,,,
9.15,-1.2,0.57,0.04,0.07,9.15,-1.5,0.44,0.05,1.78,9.15,-1.7,0.41,0.08,0.04,9.15,-0.6,0.98,0,-0.07,,,,,,,,,,
9.2,-1.3,0.58,0.04,0.08,9.2,-1.6,0.48,0.19,1,9.2,-1.6,0.42,0.08,2.72E-04,9.2,-0.5,0.98,0,-0.01,,,,,,,,,,
9.25,-1.3,0.58,0.04,0.05,9.25,-1.5,0.49,0.2,-0.31,9.25,-1.6,0.42,0.07,-0.01,9.25,-0.6,0.98,9.83E-05,-0.02,,,,,,,,,,
9.3,-1.3,0.58,0.05,0.01,9.3,-1.6,0.49,0.08,-0.85,9.3,-1.6,0.43,0.07,-0.03,9.3,-0.5,0.98,0,-0.01,,,,,,,,,,
9.35,-1.4,0.58,0.05,-0.02,9.35,-1.6,0.49,0.07,-0.48,9.35,-1.6,0.43,0.07,-0.09,9.35,-0.5,0.98,0,0,,,,,,,,,,
9.4,-1.3,0.59,0.04,-0.04,9.4,-1.6,0.5,0.06,-0.7,9.4,-1.5,0.43,0.07,-0.14,9.4,-0.4,0.98,-6.39E-04,0.02,,,,,,,,,,
9.45,-1.3,0.59,0.04,-0.04,9.45,-1.5,0.5,0.07,-2.09,9.45,-1.5,0.44,0.06,-0.13,9.45,-0.4,0.98,5.08E-04,0.03,,,,,,,,,,
9.5,-1.3,0.59,0.04,-0.01,9.5,-1.5,0.5,-0.13,-2.98,9.5,-1.5,0.44,0.05,-0.08,9.5,-0.4,0.98,0,0.03,,,,,,,,,,
9.55,-1.3,0.59,0.04,0.02,9.55,-1.5,0.51,-0.36,-1.86,9.55,-1.5,0.44,0.05,-0.03,9.55,-0.4,0.98,0.01,-0.01,,,,,,,,,,
9.6,-1.3,0.59,0.04,0.03,9.6,-1.5,0.45,-0.4,0.83,9.6,-1.5,0.44,0.05,-0.03,9.6,-0.5,0.98,0,-0.06,,,,,,,,,,
9.65,-1.3,0.6,0.04,0.02,9.65,-1.5,0.45,-0.22,2.41,9.65,-1.5,0.45,0.05,-0.02,9.65,-0.5,0.98,0,-0.07,,,,,,,,,,
9.7,-1.3,0.6,0.04,0,9.7,-1.5,0.45,-0.02,2,9.7,-1.5,0.45,0.05,0.01,9.7,-0.5,0.98,-0.01,-0.02,,,,,,,,,,
9.75,-1.3,0.6,0.04,-0.01,9.75,-1.5,0.45,-0.01,0.78,9.75,-1.7,0.45,0.05,0.08,9.75,-0.7,0.98,-0.01,,,,,,,,,,,
9.8,-1.4,0.6,0.04,0,9.8,-1.5,0.44,-0.01,0.1,9.8,-1.7,0.45,0.05,0.14,9.8,-0.9,0.98,9.83E-05,,,,,,,,,,,
9.85,-1.3,0.6,0.04,0.02,9.85,-1.4,0.44,0,0.07,9.85,-1.6,0.46,0.06,0.12,9.85,-0.9,0.98,,,,,,,,,,,,
9.9,-1.4,0.61,0.04,0.04,9.9,-1.3,0.44,0,0.06,9.9,-1.6,0.46,0.07,0.03,9.9,-0.8,,,,,,,,,,,,,
9.95,-1.4,0.61,0.05,0.06,9.95,-1.3,0.44,0,0.08,9.95,-1.7,0.46,0.07,-0.04,,,,,,,,,,,,,,,
10,-1.4,0.61,0.05,0.07,10,-1.3,0.44,0.01,0.12,10,-1.8,0.47,0.06,-0.05,,,,,,,,,,,,,,,
10.05,-1.4,0.61,0.05,0.07,10.05,-1.4,0.44,0.01,0.15,10.05,-1.7,0.47,0.06,0.02,,,,,,,,,,,,,,,
10.1,-1.4,0.62,0.06,0.06,10.1,-1.4,0.45,0.02,0.13,10.1,-1.7,0.47,0.06,0.13,,,,,,,,,,,,,,,
10.15,-1.4,0.62,0.06,0.04,10.15,-1.4,0.45,0.03,,10.15,-1.6,0.47,0.07,0.21,,,,,,,,,,,,,,,
10.2,-1.3,0.62,0.06,-0.01,10.2,-1.5,0.45,0.03,,10.2,-1.8,0.48,0.09,0.22,,,,,,,,,,,,,,,
10.25,-1.2,0.63,0.06,-0.06,10.25,-1.5,0.45,,,10.25,-1.8,0.48,0.1,0.19,,,,,,,,,,,,,,,
10.3,-1.1,0.63,0.06,-0.1,10.3,-1.5,,,,10.3,-1.9,0.49,0.1,0.19,,,,,,,,,,,,,,,
10.35,-1.1,0.63,0.05,,10.35,-1.5,,,,10.35,-1.8,0.49,0.11,0.25,,,,,,,,,,,,,,,
10.4,-1.2,0.63,0.04,,,,,,,10.4,-1.8,0.5,0.13,0.22,,,,,,,,,,,,,,,
10.45,-1.3,0.64,,,,,,,,10.45,-1.7,0.51,0.15,0.13,,,,,,,,,,,,,,,
10.5,-1.2,,,,,,,,,10.5,-1.6,0.51,0.14,0.02,,,,,,,,,,,,,,,
,,,,,,,,,,10.55,-1.6,0.52,0.14,-0.07,,,,,,,,,,,,,,,
,,,,,,,,,,10.6,-1.7,0.52,0.13,-0.13,,,,,,,,,,,,,,,
,,,,,,,,,,10.65,-1.8,0.54,0.13,-0.26,,,,,,,,,,,,,,,
,,,,,,,,,,10.7,-1.9,0.54,0.11,-0.27,,,,,,,,,,,,,,,
,,,,,,,,,,10.75,-1.8,0.55,0.09,-0.18,,,,,,,,,,,,,,,
,,,,,,,,,,10.8,-1.8,0.55,0.09,-0.12,,,,,,,,,,,,,,,
,,,,,,,,,,10.85,-1.8,0.55,0.09,-0.28,,,,,,,,,,,,,,,
,,,,,,,,,,10.9,-1.6,0.56,0.07,-0.56,,,,,,,,,,,,,,,
,,,,,,,,,,10.95,-1.3,0.57,0.03,-0.58,,,,,,,,,,,,,,,
,,,,,,,,,,11,-1.3,0.56,-0.01,-0.25,,,,,,,,,,,,,,,
,,,,,,,,,,11.05,-1.3,0.56,0,0.22,,,,,,,,,,,,,,,
,,,,,,,,,,11.1,-1.5,0.56,0.03,0.53,,,,,,,,,,,,,,,
,,,,,,,,,,11.15,-1.5,0.56,0.06,0.6,,,,,,,,,,,,,,,
,,,,,,,,,,11.2,-1.4,0.57,0.09,0.54,,,,,,,,,,,,,,,
,,,,,,,,,,11.25,-1.4,0.57,0.11,0.42,,,,,,,,,,,,,,,
,,,,,,,,,,11.3,-1.4,0.58,0.13,0.27,,,,,,,,,,,,,,,
,,,,,,,,,,11.35,-1.2,0.58,0.14,,,,,,,,,,,,,,,,
,,,,,,,,,,11.4,-1.2,0.6,0.14,,,,,,,,,,,,,,,,
,,,,,,,,,,11.45,-1.2,0.6,,,,,,,,,,,,,,,,,
,,,,,,,,,,11.5,-1.2,,,,,,,,,,,,,,,,,,
,,,,,,,,,,11.55,-1.2,,,,,,,,,,,,,,,,,,
