"Time (s) Run #1","Position (m) Run #1","Velocity (m/s) Run #1","Acceleration (m/s²) Run #1","Force (N) Run #1","Time (s) Run #2","Position (m) Run #2","Velocity (m/s) Run #2","Acceleration (m/s²) Run #2","Force (N) Run #2","Time (s) Run #3","Position (m) Run #3","Velocity (m/s) Run #3","Acceleration (m/s²) Run #3","Force (N) Run #3","Time (s) Run #4","Position (m) Run #4","Velocity (m/s) Run #4","Acceleration (m/s²) Run #4","Force (N) Run #4","Time (s) Run #5","Position (m) Run #5","Velocity (m/s) Run #5","Acceleration (m/s²) Run #5","Force (N) Run #5","Time (s) Run #6","Position (m) Run #6","Velocity (m/s) Run #6","Acceleration (m/s²) Run #6","Force (N) Run #6","Time (s) Run #7","Position (m) Run #7","Velocity (m/s) Run #7","Acceleration (m/s²) Run #7","Force (N) Run #7","Time (s) Run #8","Position (m) Run #8","Velocity (m/s) Run #8","Acceleration (m/s²) Run #8","Force (N) Run #8"
0.000,0.15,,,-0.5,0.000,0.18,,,-1.3,0.000,0.16,,,-0.1,0.000,0.15,,,-0.1,0.000,0.16,,,-0.3,0.000,0.15,,,-0.3,0.000,0.14,,,-7.1E-15,0.000,0.14,,,-0.1
0.050,0.15,-0.01,,-0.4,0.050,0.18,-1.77E-5,,-1.4,0.050,0.16,0.00,,-0.1,0.050,0.15,0.00,,-0.1,0.050,0.16,-0.01,,-0.3,0.050,0.15,0.00,,-0.3,0.050,0.14,0.00,,-7.1E-15,0.050,0.14,0.00,,-0.1
0.100,0.15,0.00,0.06,-0.3,0.100,0.18,5.73E-4,0.01,-1.4,0.100,0.16,-5.41E-6,0.02,-0.1,0.100,0.15,0.00,-0.01,-0.1,0.100,0.16,0.00,0.06,-0.4,0.100,0.15,5.78E-4,-0.02,-0.3,0.100,0.14,0.00,0.00,-7.1E-15,0.100,0.14,0.00,-4.67E-5,-0.1
0.150,0.15,5.73E-4,0.02,-0.3,0.150,0.18,5.79E-4,0.00,-1.1,0.150,0.16,5.79E-4,0.01,-0.1,0.150,0.15,5.78E-4,-0.01,0.0,0.150,0.16,0.00,0.03,-0.3,0.150,0.15,0.00,-0.01,-0.3,0.150,0.14,0.00,0.00,0.0,0.150,0.14,-4.67E-6,0.01,-0.1
0.200,0.15,5.78E-4,0.00,-0.2,0.200,0.18,0.00,0.00,-0.1,0.200,0.16,0.00,0.00,-0.1,0.200,0.15,0.00,-0.01,0.0,0.200,0.16,5.73E-4,0.00,-0.4,0.200,0.15,0.00,0.00,-0.3,0.200,0.14,0.00,0.00,-7.1E-15,0.200,0.14,5.69E-4,0.01,0.0
0.250,0.15,0.00,0.00,-0.2,0.250,0.18,0.00,0.00,0.0,0.250,0.16,0.00,0.00,-0.1,0.250,0.15,0.00,0.00,-0.1,0.250,0.16,5.79E-4,-0.01,-0.3,0.250,0.15,0.00,0.00,-0.3,0.250,0.14,0.00,0.00,-7.1E-15,0.250,0.14,0.00,0.00,0.0
0.300,0.15,0.00,0.00,-0.2,0.300,0.18,0.00,0.00,-7.1E-15,0.300,0.16,5.40E-6,0.00,-0.1,0.300,0.15,0.00,0.00,-0.1,0.300,0.16,5.45E-6,-0.01,-0.3,0.300,0.15,0.00,1.70E-5,-0.4,0.300,0.14,0.00,0.00,0.0,0.300,0.14,0.00,-0.01,0.0
0.350,0.15,0.00,0.00,-0.1,0.350,0.18,0.00,0.00,0.0,0.350,0.16,-5.73E-4,0.00,-0.1,0.350,0.15,0.00,1.69E-5,-0.2,0.350,0.16,-5.79E-4,-5.46E-5,-0.2,0.350,0.15,0.00,0.00,-0.4,0.350,0.14,0.00,0.00,-7.1E-15,0.350,0.14,9.35E-6,-0.02,-7.1E-15
0.400,0.15,0.00,0.00,-0.1,0.400,0.18,0.00,-1.97E-5,-0.6,0.400,0.16,-5.79E-4,0.00,-0.2,0.400,0.15,0.00,0.00,-0.2,0.400,0.16,-5.46E-6,0.01,-0.1,0.400,0.15,5.11E-6,-0.01,-0.7,0.400,0.14,0.00,0.00,-7.1E-15,0.400,0.14,0.00,-0.01,-7.1E-15
0.450,0.15,0.00,0.00,-0.1,0.450,0.18,0.00,0.00,-0.5,0.450,0.16,-5.40E-6,0.01,-0.2,0.450,0.15,5.07E-6,0.00,-0.3,0.450,0.16,5.73E-4,0.00,-0.2,0.450,0.15,-5.68E-4,-0.01,-0.9,0.450,0.14,0.00,0.00,0.0,0.450,0.14,0.00,0.00,0.0
0.500,0.15,0.00,0.00,0.0,0.500,0.18,-5.91E-6,0.01,-0.4,0.500,0.16,5.73E-4,0.00,-0.2,0.500,0.15,-5.73E-4,0.00,-0.4,0.500,0.16,5.84E-4,-0.01,-0.2,0.500,0.15,0.00,0.00,-1.1,0.500,0.14,0.00,0.00,-0.1,0.500,0.14,-5.78E-4,0.01,0.0
0.550,0.15,0.00,0.00,0.0,0.550,0.18,5.67E-4,0.01,-0.4,0.550,0.16,5.79E-4,0.00,-0.2,0.550,0.15,-5.78E-4,0.00,-0.5,0.550,0.16,-5.73E-4,-0.01,-0.3,0.550,0.15,0.00,0.00,-1.4,0.550,0.14,0.00,0.00,-0.1,0.550,0.14,0.00,0.01,0.0
0.600,0.15,0.00,0.00,0.0,0.600,0.18,0.00,0.00,-0.4,0.600,0.16,0.00,0.00,-0.2,0.600,0.15,0.00,0.00,-0.6,0.600,0.16,-5.79E-4,-1.82E-5,-0.3,0.600,0.15,-5.78E-4,0.01,-1.7,0.600,0.14,0.00,0.00,-0.2,0.600,0.14,0.00,0.00,0.0
0.650,0.15,0.00,0.00,0.0,0.650,0.18,0.00,0.00,-0.5,0.650,0.16,0.00,0.00,-0.2,0.650,0.15,5.07E-6,0.00,-0.6,0.650,0.16,0.00,0.00,-0.3,0.650,0.15,0.00,0.01,-1.8,0.650,0.14,0.00,0.00,-0.4,0.650,0.14,0.00,0.00,-0.1
0.700,0.15,0.00,0.00,0.0,0.700,0.18,5.79E-4,-0.01,-0.4,0.700,0.16,5.40E-6,0.00,-0.3,0.700,0.15,-5.68E-4,-0.01,-0.7,0.700,0.16,5.45E-6,0.00,-0.3,0.700,0.15,0.00,0.00,-2.0,0.700,0.14,0.00,0.00,-0.7,0.700,0.14,0.00,0.00,-0.1
0.750,0.15,0.00,0.00,0.0,0.750,0.18,0.00,-0.01,-0.4,0.750,0.16,-5.73E-4,0.00,-0.4,0.750,0.15,0.00,-5.07E-5,-0.9,0.750,0.16,-5.73E-4,0.00,-0.3,0.750,0.15,0.00,0.00,-2.0,0.750,0.14,0.00,0.00,-0.9,0.750,0.14,0.00,0.00,-0.3
0.800,0.15,0.00,0.00,-0.1,0.800,0.18,0.00,0.00,-0.6,0.800,0.16,-5.79E-4,0.00,-0.5,0.800,0.15,-5.78E-4,0.01,-1.1,0.800,0.16,-5.79E-4,0.00,-0.5,0.800,0.15,-5.11E-6,0.00,-2.2,0.800,0.14,0.00,0.00,-1.1,0.800,0.14,0.00,0.00,-0.4
0.850,0.15,0.00,0.00,-0.1,0.850,0.18,0.00,0.00,-0.6,0.850,0.16,-5.40E-6,0.01,-0.4,0.850,0.15,0.00,0.01,-1.3,0.850,0.16,0.00,0.00,-0.5,0.850,0.15,5.73E-4,0.00,-2.2,0.850,0.14,0.00,0.00,-1.4,0.850,0.14,0.00,0.00,-0.5
0.900,0.15,0.00,0.00,-0.2,0.900,0.18,0.00,0.00,-0.7,0.900,0.16,5.73E-4,0.00,-0.5,0.900,0.15,0.00,0.00,-1.5,0.900,0.16,0.00,0.00,-0.5,0.900,0.15,5.73E-4,3.41E-5,-2.2,0.900,0.14,0.00,0.00,-1.5,0.900,0.14,0.00,0.00,-0.6
0.950,0.15,0.00,0.00,-0.2,0.950,0.18,0.00,0.00,-0.7,0.950,0.16,5.84E-4,-0.01,-0.7,0.950,0.15,0.00,-1.69E-5,-1.8,0.950,0.16,0.00,0.00,-0.5,0.950,0.15,5.78E-4,0.00,-2.3,0.950,0.14,0.00,0.00,-1.7,0.950,0.14,0.00,0.00,-0.8
1.000,0.15,0.00,0.00,-0.2,1.000,0.18,0.00,1.97E-5,-0.6,1.000,0.16,-5.73E-4,-0.01,-0.8,1.000,0.15,0.00,0.00,-2.0,1.000,0.16,0.00,0.00,-0.5,1.000,0.15,0.00,0.00,-2.4,1.000,0.14,0.00,0.00,-1.8,1.000,0.14,0.00,0.00,-0.9
1.050,0.15,0.00,0.00,-0.3,1.050,0.18,0.00,0.00,-0.7,1.050,0.16,-5.73E-4,0.00,-0.8,1.050,0.15,-5.07E-6,0.01,-2.2,1.050,0.16,0.00,0.00,-0.5,1.050,0.15,-5.11E-6,0.00,-2.6,1.050,0.14,0.00,0.00,-1.9,1.050,0.14,0.00,0.00,-1.0
1.100,0.15,0.00,0.00,-0.3,1.100,0.18,5.91E-6,0.00,-0.7,1.100,0.16,-5.79E-4,0.01,-0.8,1.100,0.15,5.68E-4,0.01,-2.3,1.100,0.16,0.00,0.00,-0.6,1.100,0.15,5.68E-4,0.02,-2.8,1.100,0.14,0.00,0.00,-2.0,1.100,0.14,0.00,0.00,-1.2
1.150,0.15,0.00,0.00,-0.4,1.150,0.18,-5.73E-4,0.00,-0.8,1.150,0.16,-5.40E-6,0.01,-0.7,1.150,0.15,0.00,0.00,-2.2,1.150,0.16,0.00,0.00,-0.8,1.150,0.15,0.00,0.05,-3.0,1.150,0.14,0.00,0.00,-2.2,1.150,0.14,0.00,0.00,-1.3
1.200,0.15,0.00,0.00,-0.4,1.200,0.18,-5.79E-4,0.00,-1.0,1.200,0.16,5.79E-4,5.39E-5,-0.4,1.200,0.15,0.00,0.00,-2.8,1.200,0.16,0.00,0.00,-0.8,1.200,0.15,0.00,0.09,-3.4,1.200,0.14,0.00,0.00,-2.3,1.200,0.14,0.00,0.00,-1.4
1.250,0.15,0.00,0.00,-0.6,1.250,0.18,-5.91E-6,0.01,-1.2,1.250,0.16,5.39E-6,-0.01,-0.5,1.250,0.15,5.78E-4,-0.01,-2.8,1.250,0.16,0.00,0.00,-0.7,1.250,0.15,0.01,0.13,-3.4,1.250,0.14,0.00,-1.60E-5,-2.5,1.250,0.14,0.00,0.00,-1.5
1.300,0.15,0.00,0.00,-0.7,1.300,0.18,5.73E-4,0.00,-1.6,1.300,0.16,-5.73E-4,0.00,-0.6,1.300,0.15,0.00,-0.01,-2.7,1.300,0.16,0.00,0.00,-0.8,1.300,0.15,0.02,0.16,-3.2,1.300,0.14,0.00,0.00,-2.8,1.300,0.14,0.00,0.00,-1.7
1.350,0.15,0.00,0.00,-0.8,1.350,0.18,5.79E-4,0.00,-2.1,1.350,0.16,-5.84E-4,0.01,-0.7,1.350,0.15,0.00,0.00,-2.9,1.350,0.16,0.00,0.00,-0.8,1.350,0.16,0.03,0.16,-3.3,1.350,0.14,-4.81E-6,0.01,-3.0,1.350,0.14,0.00,0.00,-1.9
1.400,0.15,0.00,0.00,-1.0,1.400,0.18,0.00,0.00,-2.1,1.400,0.16,5.68E-4,0.01,-0.8,1.400,0.15,0.00,0.00,-3.1,1.400,0.16,0.00,0.00,-0.9,1.400,0.16,0.03,0.15,-3.3,1.400,0.14,5.69E-4,0.01,-3.2,1.400,0.14,0.00,0.00,-2.2
1.450,0.15,0.00,0.00,-1.1,1.450,0.18,0.00,0.00,-2.8,1.450,0.16,0.00,0.00,-0.9,1.450,0.15,0.00,0.00,-3.0,1.450,0.16,0.00,0.00,-1.1,1.450,0.16,0.04,0.14,-3.2,1.450,0.14,0.00,0.00,-3.4,1.450,0.14,0.00,0.00,-2.3
1.500,0.15,0.00,0.00,-1.3,1.500,0.18,0.00,0.00,-3.0,1.500,0.16,5.40E-6,-0.01,-0.9,1.500,0.15,0.00,0.00,-3.2,1.500,0.16,0.00,0.00,-1.2,1.500,0.16,0.05,0.14,-3.3,1.500,0.14,0.00,0.00,-3.5,1.500,0.14,0.00,0.00,-2.3
1.550,0.15,0.00,0.00,-1.4,1.550,0.18,0.00,0.00,-3.0,1.550,0.16,-5.73E-4,-0.01,-1.0,1.550,0.15,0.00,0.00,-3.2,1.550,0.16,0.00,0.00,-1.3,1.550,0.16,0.06,0.16,-3.4,1.550,0.14,5.78E-4,-0.01,-3.5,1.550,0.14,0.00,0.00,-2.5
1.600,0.15,0.00,0.00,-1.3,1.600,0.18,0.00,0.00,-3.2,1.600,0.16,-5.73E-4,0.00,-1.0,1.600,0.15,0.00,0.00,-3.2,1.600,0.16,0.00,0.00,-1.6,1.600,0.17,0.06,0.18,-3.6,1.600,0.14,0.00,-0.01,-3.5,1.600,0.14,0.00,0.00,-2.6
1.650,0.15,0.00,0.00,-1.5,1.650,0.18,0.00,0.00,-3.5,1.650,0.16,-5.73E-4,-1.80E-5,-1.1,1.650,0.15,0.00,0.00,-3.3,1.650,0.16,0.00,0.00,-1.9,1.650,0.17,0.07,0.19,-3.7,1.650,0.14,0.00,0.00,-3.6,1.650,0.14,0.00,0.00,-2.6
1.700,0.15,0.00,0.00,-1.6,1.700,0.18,0.00,0.00,-3.6,1.700,0.16,-5.73E-4,0.00,-1.2,1.700,0.15,0.00,0.00,-3.4,1.700,0.16,0.00,0.00,-2.0,1.700,0.17,0.08,0.17,-3.7,1.700,0.14,0.00,0.00,-3.7,1.700,0.14,0.00,-1.56E-5,-2.7
1.750,0.15,0.00,0.00,-1.6,1.750,0.18,0.00,0.00,-3.6,1.750,0.16,-5.79E-4,0.00,-1.4,1.750,0.15,0.00,0.00,-3.4,1.750,0.16,0.00,0.00,-2.4,1.750,0.18,0.09,0.12,-3.7,1.750,0.14,0.00,0.00,-3.7,1.750,0.14,0.00,0.00,-2.8
1.800,0.15,0.00,0.00,-1.7,1.800,0.18,0.00,0.00,-3.8,1.800,0.16,0.00,0.00,-1.5,1.800,0.15,0.00,0.00,-3.5,1.800,0.16,0.00,0.00,-2.8,1.800,0.18,0.10,0.06,-3.7,1.800,0.14,0.00,0.00,-3.7,1.800,0.14,-4.67E-6,0.01,-2.9
1.850,0.15,0.00,0.00,-1.9,1.850,0.18,0.00,0.00,-3.9,1.850,0.16,0.00,0.00,-1.7,1.850,0.15,0.00,0.00,-3.5,1.850,0.16,0.00,-1.82E-5,-2.9,1.850,0.19,0.10,-0.01,-3.6,1.850,0.14,0.00,0.00,-3.7,1.850,0.14,5.69E-4,0.01,-3.0
1.900,0.15,0.00,0.00,-1.9,1.900,0.18,0.00,0.00,-4.0,1.900,0.16,0.00,0.00,-2.0,1.900,0.15,0.00,0.00,-3.5,1.900,0.16,0.00,0.00,-2.9,1.900,0.19,0.10,-0.06,-3.6,1.900,0.14,0.00,0.00,-3.7,1.900,0.14,0.00,0.00,-2.9
1.950,0.15,0.00,0.00,-1.9,1.950,0.18,0.00,0.00,-4.1,1.950,0.16,-5.39E-6,0.00,-2.4,1.950,0.15,0.00,0.00,-3.6,1.950,0.16,-5.45E-6,0.01,-3.0,1.950,0.20,0.09,-0.09,-3.6,1.950,0.14,0.00,0.00,-3.8,1.950,0.14,0.00,-0.01,-3.0
2.000,0.15,0.00,0.00,-2.1,2.000,0.18,0.00,0.00,-4.1,2.000,0.16,5.73E-4,0.00,-2.7,2.000,0.15,0.00,1.69E-5,-3.6,2.000,0.16,5.68E-4,0.01,-3.2,2.000,0.20,0.09,-0.09,-3.5,2.000,0.14,0.00,0.00,-3.9,2.000,0.14,4.68E-6,-0.01,-3.1
2.050,0.15,0.00,0.00,-2.2,2.050,0.18,0.00,0.00,-4.1,2.050,0.16,5.79E-4,0.00,-2.9,2.050,0.15,0.00,0.00,-3.6,2.050,0.16,0.00,0.00,-3.4,2.050,0.21,0.08,-0.07,-3.5,2.050,0.14,0.00,0.00,-3.8,2.050,0.14,-5.78E-4,0.00,-3.2
2.100,0.15,0.00,0.00,-2.2,2.100,0.18,0.00,-7.88E-5,-4.3,2.100,0.16,5.39E-6,-0.01,-3.1,2.100,0.15,5.07E-6,0.00,-3.7,2.100,0.16,0.00,0.00,-3.6,2.100,0.21,0.08,-0.06,-3.6,2.100,0.14,0.00,-1.61E-5,-3.9,2.100,0.14,-4.68E-6,0.01,-3.2
2.150,0.15,0.00,0.00,-2.3,2.150,0.18,0.00,0.01,-4.3,2.150,0.16,-5.73E-4,0.00,-3.2,2.150,0.15,-5.73E-4,0.00,-3.8,2.150,0.16,5.79E-4,-0.01,-3.6,2.150,0.21,0.08,-0.04,-3.6,2.150,0.14,0.00,0.00,-3.9,2.150,0.14,5.73E-4,0.00,-3.2
2.200,0.15,0.00,0.00,-2.3,2.200,0.18,-2.36E-5,0.05,-4.4,2.200,0.16,-5.84E-4,0.01,-3.4,2.200,0.15,-5.78E-4,0.00,-3.9,2.200,0.16,0.00,-0.01,-3.6,2.200,0.22,0.07,-0.02,-3.6,2.200,0.14,-4.82E-6,0.00,-4.1,2.200,0.14,5.78E-4,0.00,-3.2
2.250,0.15,0.00,0.00,-2.4,2.250,0.18,0.00,0.14,-4.5,2.250,0.16,5.73E-4,0.01,-3.6,2.250,0.15,-5.07E-6,0.01,-4.0,2.250,0.16,0.00,0.00,-3.6,2.250,0.22,0.07,-0.01,-3.7,2.250,0.14,5.73E-4,0.01,-4.1,2.250,0.14,0.00,0.00,-3.3
2.300,0.15,0.00,0.00,-2.3,2.300,0.18,0.01,0.28,-4.7,2.300,0.16,5.79E-4,0.00,-3.5,2.300,0.15,5.73E-4,0.00,-4.0,2.300,0.16,0.00,0.00,-3.8,2.300,0.23,0.07,0.00,-3.7,2.300,0.14,5.69E-4,0.02,-4.2,2.300,0.14,0.00,0.00,-3.3
2.350,0.15,0.00,0.00,-2.5,2.350,0.18,0.03,0.42,-4.4,2.350,0.16,5.39E-6,-0.01,-3.5,2.350,0.15,5.78E-4,0.00,-4.2,2.350,0.16,0.00,0.00,-3.8,2.350,0.23,0.07,0.00,-3.7,2.350,0.14,0.00,0.09,-4.2,2.350,0.14,0.00,0.00,-3.5
2.400,0.15,0.00,0.00,-2.7,2.400,0.18,0.06,0.49,-4.3,2.400,0.16,-5.73E-4,0.00,-3.5,2.400,0.15,0.00,0.00,-4.3,2.400,0.16,0.00,0.00,-3.8,2.400,0.23,0.07,-0.01,-3.7,2.400,0.14,0.01,0.22,-4.3,2.400,0.14,0.00,0.00,-3.5
2.450,0.15,0.00,0.00,-2.8,2.450,0.18,0.08,0.48,-4.3,2.450,0.16,-5.79E-4,0.00,-3.6,2.450,0.15,0.00,0.00,-4.3,2.450,0.16,0.00,0.00,-3.9,2.450,0.24,0.07,-0.01,-3.7,2.450,0.14,0.02,0.36,-4.1,2.450,0.14,0.00,0.00,-3.6
2.500,0.15,0.00,0.00,-2.9,2.500,0.19,0.11,0.33,-4.3,2.500,0.16,0.00,0.00,-3.7,2.500,0.15,0.00,0.00,-4.3,2.500,0.16,0.00,-1.09E-4,-4.1,2.500,0.24,0.07,-0.01,-3.7,2.500,0.15,0.05,0.46,-3.8,2.500,0.14,0.00,-7.80E-5,-3.7
2.550,0.15,0.00,0.00,-3.0,2.550,0.19,0.12,0.08,-4.2,2.550,0.16,0.00,0.00,-3.8,2.550,0.15,-5.07E-6,0.00,-4.3,2.550,0.16,0.00,0.01,-4.2,2.550,0.24,0.07,-1.90E-4,-3.7,2.550,0.15,0.07,0.50,-3.9,2.550,0.14,0.00,0.01,-3.8
2.600,0.15,0.00,0.00,-3.1,2.600,0.20,0.12,-0.18,-4.2,2.600,0.16,0.00,0.00,-3.9,2.600,0.15,5.73E-4,0.00,-4.4,2.600,0.16,-3.27E-5,0.07,-4.1,2.600,0.25,0.07,0.01,-3.8,2.600,0.15,0.10,0.48,-4.0,2.600,0.14,-2.34E-5,0.05,-3.7
2.650,0.15,0.00,0.00,-3.2,2.650,0.21,0.10,-0.29,-4.2,2.650,0.16,0.00,0.00,-3.9,2.650,0.15,5.73E-4,0.00,-4.4,2.650,0.16,0.00,0.19,-4.2,2.650,0.25,0.07,0.02,-3.8,2.650,0.16,0.12,0.41,-4.2,2.650,0.14,0.00,0.13,-3.8
2.700,0.15,0.00,0.00,-3.1,2.700,0.21,0.08,-0.23,-4.1,2.700,0.16,0.00,0.00,-3.9,2.700,0.15,5.73E-4,-7.78E-8,-4.4,2.700,0.16,0.02,0.37,-4.4,2.700,0.25,0.07,0.03,-3.8,2.700,0.17,0.14,0.30,-4.2,2.700,0.14,0.01,0.23,-3.9
2.750,0.15,0.00,0.00,-3.2,2.750,0.21,0.07,-0.12,-3.9,2.750,0.16,0.00,0.00,-4.1,2.750,0.15,5.73E-4,1.69E-5,-4.4,2.750,0.16,0.04,0.52,-4.0,2.750,0.26,0.08,0.03,-3.8,2.750,0.17,0.15,0.16,-4.0,2.750,0.14,0.03,0.30,-3.5
2.800,0.15,0.00,0.00,-3.2,2.800,0.22,0.07,-0.06,-3.8,2.800,0.16,0.00,0.00,-4.1,2.800,0.15,5.73E-4,0.00,-4.4,2.800,0.17,0.07,0.59,-3.9,2.800,0.26,0.08,0.04,-3.9,2.800,0.18,0.15,0.02,-3.9,2.800,0.14,0.05,0.30,-3.5
2.850,0.15,0.00,0.00,-3.3,2.850,0.22,0.07,-0.06,-3.9,2.850,0.16,0.00,0.00,-4.1,2.850,0.15,5.78E-4,0.00,-4.5,2.850,0.17,0.10,0.58,-4.0,2.850,0.27,0.08,0.05,-3.9,2.850,0.19,0.15,-0.08,-3.8,2.850,0.15,0.06,0.23,-3.5
2.900,0.15,0.00,0.00,-3.5,2.900,0.23,0.06,-0.07,-4.0,2.900,0.16,0.00,0.00,-4.1,2.900,0.15,0.00,0.00,-4.4,2.900,0.18,0.13,0.50,-4.2,2.900,0.27,0.08,0.05,-3.9,2.900,0.20,0.15,-0.15,-3.6,2.900,0.15,0.07,0.14,-3.4
2.950,0.15,0.00,0.00,-3.5,2.950,0.23,0.06,-0.07,-4.0,2.950,0.16,0.00,0.00,-4.2,2.950,0.15,0.00,0.00,-4.5,2.950,0.19,0.16,0.35,-4.3,2.950,0.27,0.08,0.05,-3.9,2.950,0.20,0.14,-0.19,-3.8,2.950,0.15,0.07,0.05,-3.4
3.000,0.15,0.00,-8.33E-5,-3.7,3.000,0.23,0.06,-0.06,-4.0,3.000,0.16,0.00,0.00,-4.2,3.000,0.15,0.00,0.00,-4.6,3.000,0.19,0.17,0.15,-4.0,3.000,0.28,0.09,0.04,-4.0,3.000,0.21,0.13,-0.21,-3.5,3.000,0.16,0.07,-0.03,-3.3
3.050,0.15,0.00,0.01,-3.7,3.050,0.23,0.06,-0.05,-3.9,3.050,0.16,0.00,-1.80E-5,-4.2,3.050,0.15,0.00,-3.39E-5,-4.6,3.050,0.20,0.17,-0.06,-3.6,3.050,0.28,0.09,0.03,-3.9,3.050,0.22,0.11,-0.20,-3.6,3.050,0.16,0.07,-0.09,-3.2
3.100,0.15,-2.50E-5,0.05,-3.9,3.100,0.24,0.05,-0.03,-4.0,3.100,0.16,0.00,0.00,-4.3,3.100,0.15,0.00,0.00,-4.6,3.100,0.21,0.16,-0.20,-3.3,3.100,0.29,0.09,0.02,-3.9,3.100,0.22,0.10,-0.17,-3.3,3.100,0.16,0.06,-0.11,-3.1
3.150,0.15,0.00,0.14,-4.2,3.150,0.24,0.05,-0.01,-4.0,3.150,0.16,-5.39E-6,0.02,-4.3,3.150,0.15,-1.02E-5,0.03,-4.7,3.150,0.22,0.15,-0.26,-3.4,3.150,0.29,0.09,0.01,-3.9,3.150,0.23,0.10,-0.09,-3.7,3.150,0.17,0.06,-0.09,-3.1
3.200,0.15,0.01,0.25,-4.4,3.200,0.24,0.05,0.01,-4.1,3.200,0.16,5.36E-4,0.07,-4.4,3.200,0.15,0.00,0.10,-4.8,3.200,0.23,0.13,-0.26,-3.4,3.200,0.30,0.09,-0.01,-3.9,3.200,0.23,0.09,-0.02,-3.5,3.200,0.17,0.05,-0.05,-3.2
3.250,0.15,0.03,0.35,-4.3,3.250,0.24,0.05,0.01,-4.1,3.250,0.16,0.00,0.16,-4.5,3.250,0.15,0.01,0.21,-4.9,3.250,0.23,0.12,-0.24,-3.3,3.250,0.30,0.09,-0.04,-3.9,3.250,0.24,0.10,0.02,-3.8,3.250,0.17,0.05,-0.03,-3.2
3.300,0.15,0.05,0.40,-4.3,3.300,0.25,0.05,1.64E-4,-4.0,3.300,0.16,0.02,0.26,-4.4,3.300,0.15,0.02,0.32,-4.6,3.300,0.24,0.11,-0.21,-3.4,3.300,0.31,0.09,-0.06,-3.7,3.300,0.24,0.10,0.00,-3.6,3.300,0.17,0.05,-0.02,-3.2
3.350,0.16,0.07,0.41,-4.4,3.350,0.25,0.05,-0.01,-4.0,3.350,0.16,0.03,0.31,-4.1,3.350,0.15,0.04,0.35,-4.3,3.350,0.24,0.10,-0.17,-3.5,3.350,0.31,0.08,-0.04,-3.8,3.350,0.25,0.10,0.00,-3.7,3.350,0.18,0.05,-0.02,-3.2
3.400,0.16,0.09,0.35,-4.7,3.400,0.25,0.05,-0.01,-4.0,3.400,0.17,0.05,0.30,-4.0,3.400,0.16,0.06,0.30,-4.1,3.400,0.25,0.09,-0.14,-3.4,3.400,0.31,0.08,-0.01,-3.9,3.400,0.25,0.09,0.04,-3.7,3.400,0.18,0.05,-0.02,-3.2
3.450,0.17,0.11,0.20,-4.6,3.450,0.26,0.05,-0.01,-4.0,3.450,0.17,0.06,0.25,-4.0,3.450,0.16,0.07,0.22,-4.0,3.450,0.25,0.09,-0.11,-3.4,3.450,0.32,0.08,0.03,-4.0,3.450,0.26,0.10,0.09,-3.7,3.450,0.18,0.05,-0.03,-3.2
3.500,0.17,0.12,-0.02,-4.1,3.500,0.26,0.05,0.00,-4.0,3.500,0.17,0.07,0.19,-4.1,3.500,0.16,0.08,0.16,-3.9,3.500,0.26,0.08,-0.08,-3.5,3.500,0.32,0.09,0.05,-4.0,3.500,0.26,0.11,0.10,-3.8,3.500,0.18,0.05,-0.04,-3.2
3.550,0.18,0.11,-0.23,-3.5,3.550,0.26,0.05,0.00,-4.0,3.550,0.18,0.08,0.14,-4.2,3.550,0.17,0.09,0.13,-3.9,3.550,0.26,0.08,-0.07,-3.5,3.550,0.33,0.09,0.06,-4.1,3.550,0.27,0.11,0.06,-3.9,3.550,0.19,0.04,-0.05,-3.2
3.600,0.18,0.09,-0.34,-3.4,3.600,0.26,0.05,0.01,-4.0,3.600,0.18,0.09,0.08,-4.2,3.600,0.17,0.10,0.03,-3.9,3.600,0.26,0.07,-0.05,-3.4,3.600,0.33,0.09,0.06,-4.1,3.600,0.27,0.11,0.01,-3.8,3.600,0.19,0.04,-0.03,-3.2
3.650,0.19,0.07,-0.33,-3.5,3.650,0.27,0.05,0.02,-4.0,3.650,0.18,0.09,0.01,-4.0,3.650,0.18,0.10,-0.14,-3.8,3.650,0.27,0.07,-0.03,-3.6,3.650,0.34,0.09,0.05,-4.1,3.650,0.28,0.11,-0.05,-3.8,3.650,0.19,0.04,0.01,-3.3
3.700,0.19,0.05,-0.24,-3.6,3.700,0.27,0.05,0.03,-4.1,3.700,0.19,0.09,-0.07,-3.9,3.700,0.18,0.08,-0.30,-3.7,3.700,0.27,0.07,0.00,-3.6,3.700,0.34,0.10,0.04,-4.1,3.700,0.28,0.11,-0.11,-3.8,3.700,0.19,0.04,0.04,-3.3
3.750,0.19,0.04,-0.12,-3.7,3.750,0.27,0.06,0.01,-4.2,3.750,0.19,0.08,-0.13,-3.9,3.750,0.19,0.06,-0.33,-3.7,3.750,0.27,0.07,0.02,-3.6,3.750,0.35,0.10,0.03,-4.0,3.750,0.29,0.10,-0.14,-3.9,3.750,0.19,0.04,0.04,-3.3
3.800,0.19,0.04,-0.04,-3.9,3.800,0.27,0.06,-0.01,-4.0,3.800,0.20,0.08,-0.15,-3.8,3.800,0.19,0.04,-0.20,-3.7,3.800,0.28,0.07,0.02,-3.7,3.800,0.35,0.10,0.02,-4.1,3.800,0.29,0.09,-0.14,-3.7,3.800,0.20,0.05,0.03,-3.3
3.850,0.20,0.04,0.01,-3.9,3.850,0.28,0.05,-0.02,-4.0,3.850,0.20,0.07,-0.15,-3.7,3.850,0.19,0.04,-0.02,-3.9,3.850,0.28,0.07,0.02,-3.5,3.850,0.36,0.10,0.01,-4.1,3.850,0.30,0.09,-0.10,-3.8,3.850,0.20,0.05,0.01,-3.3
3.900,0.20,0.04,0.02,-3.9,3.900,0.28,0.05,-0.02,-4.0,3.900,0.20,0.06,-0.13,-3.7,3.900,0.19,0.04,0.09,-4.0,3.900,0.29,0.08,0.03,-3.7,3.900,0.36,0.10,0.01,-4.1,3.900,0.30,0.08,-0.05,-3.7,3.900,0.20,0.05,4.27E-5,-3.3
3.950,0.20,0.04,0.03,-3.9,3.950,0.28,0.05,-0.01,-4.0,3.950,0.21,0.05,-0.09,-3.8,3.950,0.20,0.05,0.13,-3.9,3.950,0.29,0.08,0.04,-3.7,3.950,0.37,0.10,-9.46E-5,-4.0,3.950,0.31,0.08,0.02,-3.7,3.950,0.20,0.05,0.00,-3.3
4.000,0.20,0.05,0.04,-4.0,4.000,0.28,0.05,0.00,-4.0,4.000,0.21,0.05,-0.07,-3.8,4.000,0.20,0.06,0.13,-4.1,4.000,0.29,0.08,0.04,-3.7,4.000,0.37,0.10,0.00,-4.1,4.000,0.31,0.09,0.07,-3.9,4.000,0.21,0.05,0.00,-3.3
4.050,0.20,0.05,0.03,-4.0,4.050,0.29,0.05,0.00,-4.0,4.050,0.21,0.05,-0.05,-3.8,4.050,0.20,0.06,0.13,-4.1,4.050,0.30,0.08,0.03,-3.7,4.050,0.38,0.10,0.01,-4.1,4.050,0.31,0.09,0.06,-3.8,4.050,0.21,0.05,0.00,-3.3
4.100,0.21,0.05,0.02,-4.0,4.100,0.29,0.05,-0.01,-4.0,4.100,0.21,0.05,-0.04,-3.8,4.100,0.20,0.07,0.12,-4.2,4.100,0.30,0.08,0.00,-3.7,4.100,0.38,0.10,-0.01,-4.1,4.100,0.32,0.09,0.03,-3.8,4.100,0.21,0.05,-0.01,-3.3
4.150,0.21,0.05,-0.01,-4.0,4.150,0.29,0.05,-0.02,-4.0,4.150,0.22,0.04,-0.02,-3.9,4.150,0.21,0.08,0.10,-4.2,4.150,0.31,0.08,-0.03,-3.7,4.150,0.39,0.10,-0.05,-4.2,4.150,0.32,0.09,0.02,-4.0,4.150,0.21,0.05,-0.01,-3.3
4.200,0.21,0.05,-0.04,-3.9,4.200,0.29,0.05,-0.02,-4.0,4.200,0.22,0.04,0.00,-3.8,4.200,0.21,0.08,0.06,-4.1,4.200,0.31,0.08,-0.05,-3.7,4.200,0.39,0.10,-0.08,-4.1,4.200,0.33,0.09,0.04,-3.9,4.200,0.22,0.05,-0.02,-3.3
4.250,0.21,0.05,-0.06,-3.9,4.250,0.30,0.05,-0.03,-4.0,4.250,0.22,0.04,0.02,-3.9,4.250,0.22,0.08,-0.02,-4.1,4.250,0.31,0.08,-0.06,-3.6,4.250,0.40,0.09,-0.05,-4.2,4.250,0.33,0.10,0.07,-3.9,4.250,0.22,0.04,-0.02,-3.3
4.300,0.22,0.04,-0.06,-3.8,4.300,0.30,0.05,-0.03,-4.0,4.300,0.22,0.05,0.03,-4.0,4.300,0.22,0.08,-0.09,-3.9,4.300,0.32,0.07,-0.07,-3.7,4.300,0.40,0.09,0.03,-4.2,4.300,0.34,0.10,0.08,-4.0,4.300,0.22,0.04,-0.02,-3.3
4.350,0.22,0.04,-0.04,-3.8,4.350,0.30,0.05,-0.04,-4.0,4.350,0.23,0.05,0.02,-3.9,4.350,0.23,0.07,-0.13,-3.8,4.350,0.32,0.07,-0.07,-3.6,4.350,0.40,0.09,0.11,-4.3,4.350,0.34,0.11,0.05,-3.9,4.350,0.22,0.04,-0.02,-3.3
4.400,0.22,0.04,-0.03,-3.9,4.400,0.30,0.04,-0.04,-4.0,4.400,0.23,0.05,0.02,-3.9,4.400,0.23,0.07,-0.12,-3.8,4.400,0.32,0.07,-0.06,-3.6,4.400,0.41,0.10,0.15,-4.2,4.400,0.35,0.11,0.01,-3.9,4.400,0.22,0.04,-0.02,-3.3
4.450,0.22,0.04,-0.02,-3.9,4.450,0.31,0.04,-0.04,-4.0,4.450,0.23,0.05,0.02,-4.0,4.450,0.23,0.06,-0.08,-3.8,4.450,0.33,0.06,-0.04,-3.6,4.450,0.41,0.11,0.17,-4.2,4.450,0.35,0.11,-0.02,-3.9,4.450,0.23,0.04,-0.03,-3.2
4.500,0.22,0.04,-0.02,-3.8,4.500,0.31,0.04,-0.03,-3.9,4.500,0.23,0.05,0.02,-4.0,4.500,0.23,0.06,-0.01,-3.9,4.500,0.33,0.06,-0.01,-3.7,4.500,0.42,0.12,0.16,-4.2,4.500,0.36,0.10,-0.02,-3.9,4.500,0.23,0.04,-0.03,-3.2
4.550,0.23,0.04,-0.01,-3.9,4.550,0.31,0.04,-0.02,-4.0,4.550,0.24,0.05,0.02,-4.0,4.550,0.24,0.06,0.05,-4.1,4.550,0.33,0.06,0.02,-3.7,4.550,0.43,0.13,0.13,-4.1,4.550,0.36,0.10,-0.02,-3.9,4.550,0.23,0.04,-0.02,-3.2
4.600,0.23,0.04,-0.01,-3.9,4.600,0.31,0.04,-0.01,-4.1,4.600,0.24,0.05,0.03,-4.0,4.600,0.24,0.06,0.08,-4.2,4.600,0.34,0.06,0.04,-3.7,4.600,0.43,0.13,0.11,-4.1,4.600,0.37,0.10,-0.01,-3.9,4.600,0.23,0.04,-0.01,-3.3
4.650,0.23,0.04,0.00,-3.9,4.650,0.31,0.04,0.00,-4.0,4.650,0.24,0.06,0.03,-4.0,4.650,0.24,0.07,0.07,-4.2,4.650,0.34,0.07,0.04,-3.8,4.650,0.44,0.14,0.08,-4.0,4.650,0.37,0.10,-0.01,-3.9,4.650,0.23,0.04,0.00,-3.2
4.700,0.23,0.04,1.30E-4,-3.9,4.700,0.32,0.04,0.01,-4.0,4.700,0.24,0.06,0.03,-4.1,4.700,0.25,0.07,0.04,-4.0,4.700,0.34,0.07,0.03,-3.8,4.700,0.45,0.14,0.05,-4.0,4.700,0.38,0.10,-0.02,-4.0,4.700,0.24,0.04,0.02,-3.3
4.750,0.23,0.04,-0.01,-3.9,4.750,0.32,0.04,0.03,-4.1,4.750,0.25,0.06,0.03,-4.1,4.750,0.25,0.07,0.02,-4.1,4.750,0.35,0.07,0.03,-3.7,4.750,0.45,0.14,0.02,-3.9,4.750,0.38,0.10,-0.03,-3.9,4.750,0.24,0.04,0.02,-3.3
4.800,0.23,0.03,-0.02,-3.9,4.800,0.32,0.04,0.04,-4.2,4.800,0.25,0.06,0.02,-4.0,4.800,0.25,0.07,0.03,-4.0,4.800,0.35,0.07,0.02,-3.7,4.800,0.46,0.14,-0.03,-3.9,4.800,0.39,0.10,-0.03,-4.0,4.800,0.24,0.04,0.01,-3.3
4.850,0.24,0.03,-0.02,-3.9,4.850,0.32,0.04,0.04,-4.2,4.850,0.25,0.06,0.01,-4.1,4.850,0.26,0.08,0.06,-4.2,4.850,0.35,0.07,0.01,-3.7,4.850,0.47,0.14,-0.08,-3.9,4.850,0.39,0.10,-0.02,-4.0,4.850,0.24,0.04,0.00,-3.3
4.900,0.24,0.03,-0.02,-3.8,4.900,0.32,0.05,0.03,-4.1,4.900,0.26,0.06,0.01,-4.0,4.900,0.26,0.08,0.09,-4.3,4.900,0.36,0.07,-4.36E-5,-3.7,4.900,0.48,0.14,-0.12,-3.9,4.900,0.40,0.10,-0.01,-3.9,4.900,0.24,0.04,0.00,-3.3
4.950,0.24,0.03,0.00,-3.9,4.950,0.33,0.05,0.03,-4.2,4.950,0.26,0.06,0.01,-4.1,4.950,0.27,0.09,0.10,-4.3,4.950,0.36,0.07,0.00,-3.7,4.950,0.48,0.13,-0.15,-3.9,4.950,0.40,0.10,0.05,-4.0,4.950,0.25,0.04,-0.01,-3.2
5.000,0.24,0.03,0.01,-4.0,5.000,0.33,0.05,0.02,-4.2,5.000,0.26,0.06,0.01,-4.1,5.000,0.27,0.09,0.09,-4.3,5.000,0.37,0.07,0.01,-3.7,5.000,0.49,0.12,-0.16,-3.9,5.000,0.41,0.10,0.12,-4.0,5.000,0.25,0.04,-0.01,-3.3
5.050,0.24,0.03,0.02,-3.9,5.050,0.33,0.05,0.00,-4.1,5.050,0.26,0.06,0.01,-4.1,5.050,0.28,0.09,0.07,-4.3,5.050,0.37,0.07,0.00,-3.7,5.050,0.49,0.11,-0.14,-3.9,5.050,0.41,0.11,0.15,-4.0,5.050,0.25,0.04,-0.01,-3.3
5.100,0.24,0.03,0.01,-4.0,5.100,0.33,0.05,-0.01,-4.1,5.100,0.27,0.06,0.01,-4.1,5.100,0.28,0.10,0.04,-4.2,5.100,0.37,0.07,-0.01,-3.7,5.100,0.50,0.10,-0.11,-4.0,5.100,0.42,0.12,0.15,-4.0,5.100,0.25,0.04,-0.01,-3.3
5.150,0.25,0.03,0.00,-3.9,5.150,0.34,0.05,0.00,-4.0,5.150,0.27,0.06,0.01,-4.1,5.150,0.29,0.10,0.02,-4.1,5.150,0.38,0.07,-0.02,-3.7,5.150,0.50,0.10,-0.07,-4.0,5.150,0.43,0.12,0.15,-4.0,5.150,0.25,0.04,0.00,-3.3
5.200,0.25,0.03,0.00,-3.9,5.200,0.34,0.05,0.01,-4.1,5.200,0.27,0.06,0.01,-4.0,5.200,0.29,0.10,-0.01,-4.1,5.200,0.38,0.07,-0.03,-3.6,5.200,0.51,0.10,-0.05,-3.9,5.200,0.43,0.13,0.16,-3.9,5.200,0.26,0.04,-0.01,-3.3
5.250,0.25,0.03,0.01,-3.9,5.250,0.34,0.05,0.02,-4.1,5.250,0.28,0.06,0.02,-4.1,5.250,0.30,0.10,-0.03,-4.1,5.250,0.38,0.07,-0.04,-3.7,5.250,0.51,0.10,-0.03,-4.0,5.250,0.44,0.14,0.13,-3.9,5.250,0.26,0.04,-0.02,-3.3
5.300,0.25,0.03,0.02,-3.9,5.300,0.34,0.05,0.02,-4.1,5.300,0.28,0.07,0.02,-4.1,5.300,0.30,0.10,-0.03,-4.1,5.300,0.39,0.07,-0.04,-3.7,5.300,0.52,0.09,-0.02,-3.9,5.300,0.45,0.15,0.04,-3.9,5.300,0.26,0.04,-0.02,-3.2
5.350,0.25,0.04,0.03,-4.0,5.350,0.35,0.05,0.02,-4.1,5.350,0.28,0.07,0.03,-4.1,5.350,0.30,0.09,-0.03,-4.2,5.350,0.39,0.06,-0.05,-3.7,5.350,0.52,0.09,-0.02,-3.9,5.350,0.45,0.14,-0.03,-3.7,5.350,0.26,0.03,-0.02,-3.2
5.400,0.26,0.04,0.04,-4.0,5.400,0.35,0.05,0.02,-4.1,5.400,0.29,0.07,0.02,-4.1,5.400,0.31,0.09,-0.03,-4.0,5.400,0.39,0.06,-0.05,-3.7,5.400,0.53,0.09,-0.03,-3.8,5.400,0.46,0.14,-0.03,-3.7,5.400,0.26,0.03,-0.01,-3.3
5.450,0.26,0.04,0.05,-4.0,5.450,0.35,0.05,0.01,-4.2,5.450,0.29,0.07,0.02,-4.1,5.450,0.31,0.09,-0.03,-4.1,5.450,0.40,0.06,-0.06,-3.7,5.450,0.53,0.09,-0.05,-3.8,5.450,0.47,0.14,0.01,-3.8,5.450,0.26,0.03,0.00,-3.3
5.500,0.26,0.04,0.05,-4.0,5.500,0.35,0.05,0.00,-4.1,5.500,0.29,0.07,0.01,-4.1,5.500,0.32,0.09,0.00,-4.2,5.500,0.40,0.06,-0.08,-3.6,5.500,0.54,0.09,-0.06,-3.7,5.500,0.47,0.14,0.02,-3.9,5.500,0.27,0.03,0.02,-3.3
5.550,0.26,0.05,0.03,-4.1,5.550,0.36,0.05,0.00,-4.0,5.550,0.30,0.07,0.00,-4.1,5.550,0.32,0.09,0.03,-4.2,5.550,0.40,0.05,-0.10,-3.7,5.550,0.54,0.08,-0.06,-3.7,5.550,0.48,0.14,0.00,-3.9,5.550,0.27,0.03,0.02,-3.2
5.600,0.26,0.05,0.00,-4.0,5.600,0.36,0.05,-0.01,-4.0,5.600,0.30,0.07,-0.02,-4.1,5.600,0.33,0.09,0.04,-4.2,5.600,0.40,0.04,-0.06,-3.7,5.600,0.55,0.08,-0.04,-3.8,5.600,0.49,0.14,-0.04,-3.9,5.600,0.27,0.04,0.02,-3.3
5.650,0.27,0.05,-0.02,-3.9,5.650,0.36,0.05,-0.01,-4.0,5.650,0.31,0.07,-0.03,-4.1,5.650,0.33,0.10,0.02,-4.2,5.650,0.41,0.04,0.03,-3.7,5.650,0.55,0.08,-0.02,-3.8,5.650,0.50,0.14,-0.07,-3.8,5.650,0.27,0.04,0.02,-3.3
5.700,0.27,0.04,-0.02,-3.9,5.700,0.36,0.05,0.00,-4.0,5.700,0.31,0.07,-0.02,-4.2,5.700,0.34,0.10,-5.09E-5,-4.0,5.700,0.41,0.05,0.13,-3.8,5.700,0.55,0.08,0.00,-3.8,5.700,0.50,0.13,-0.08,-3.7,5.700,0.27,0.04,0.02,-3.4
5.750,0.27,0.04,-0.01,-3.9,5.750,0.37,0.05,0.00,-4.1,5.750,0.31,0.07,0.00,-4.2,5.750,0.34,0.09,0.00,-4.0,5.750,0.41,0.06,0.16,-3.7,5.750,0.56,0.08,0.02,-3.9,5.750,0.51,0.13,-0.08,-3.7,5.750,0.27,0.04,0.02,-3.3
5.800,0.27,0.04,0.00,-3.9,5.800,0.37,0.05,0.01,-4.1,5.800,0.31,0.07,0.01,-4.2,5.800,0.35,0.10,0.01,-4.0,5.800,0.41,0.07,0.13,-3.8,5.800,0.56,0.08,0.04,-3.8,5.800,0.51,0.13,-0.07,-3.7,5.800,0.28,0.04,0.02,-3.3
5.850,0.27,0.04,0.02,-4.0,5.850,0.37,0.05,0.01,-4.1,5.850,0.32,0.07,0.00,-4.2,5.850,0.35,0.10,0.00,-4.1,5.850,0.42,0.07,0.08,-3.7,5.850,0.57,0.08,0.05,-3.9,5.850,0.52,0.12,-0.09,-3.6,5.850,0.28,0.04,0.02,-3.3
5.900,0.28,0.04,0.02,-4.0,5.900,0.38,0.05,0.01,-4.1,5.900,0.32,0.07,-0.01,-4.2,5.900,0.36,0.10,-0.01,-4.2,5.900,0.42,0.07,0.04,-3.7,5.900,0.57,0.09,0.05,-4.0,5.900,0.53,0.12,-0.11,-3.6,5.900,0.28,0.04,0.01,-3.3
5.950,0.28,0.05,0.02,-3.9,5.950,0.38,0.05,0.01,-4.1,5.950,0.33,0.07,-0.02,-4.2,5.950,0.36,0.09,0.01,-4.0,5.950,0.42,0.08,0.03,-3.7,5.950,0.57,0.09,0.03,-4.0,5.950,0.53,0.11,-0.09,-3.6,5.950,0.28,0.04,0.01,-3.3
6.000,0.28,0.05,0.00,-3.9,6.000,0.38,0.05,0.01,-4.1,6.000,0.33,0.07,-0.03,-4.1,6.000,0.37,0.09,0.06,-4.2,6.000,0.43,0.08,0.01,-3.7,6.000,0.58,0.09,0.01,-3.9,6.000,0.54,0.11,-0.04,-3.6,6.000,0.28,0.04,0.01,-3.3
6.050,0.28,0.05,-0.01,-3.9,6.050,0.38,0.06,0.01,-4.1,6.050,0.33,0.06,-0.03,-4.1,6.050,0.37,0.10,0.08,-4.3,6.050,0.43,0.08,-0.01,-3.6,6.050,0.58,0.09,0.01,-4.0,6.050,0.54,0.11,0.00,-3.7,6.050,0.29,0.04,0.00,-3.3
6.100,0.29,0.05,-0.02,-3.9,6.100,0.39,0.06,0.01,-4.2,6.100,0.33,0.06,-0.04,-4.1,6.100,0.38,0.11,0.06,-4.2,6.100,0.44,0.08,-0.02,-3.6,6.100,0.59,0.09,0.03,-4.0,6.100,0.55,0.11,0.02,-3.7,6.100,0.29,0.04,0.00,-3.3
6.150,0.29,0.04,-0.02,-3.9,6.150,0.39,0.06,-0.01,-4.1,6.150,0.34,0.06,-0.03,-4.1,6.150,0.38,0.11,0.00,-4.0,6.150,0.44,0.07,-0.02,-3.5,6.150,0.59,0.09,0.03,-4.0,6.150,0.55,0.11,0.01,-3.7,6.150,0.29,0.04,-0.01,-3.3
6.200,0.29,0.04,-0.02,-3.9,6.200,0.39,0.06,-0.03,-4.1,6.200,0.34,0.06,-0.01,-4.0,6.200,0.39,0.11,-0.06,-4.1,6.200,0.44,0.07,-0.02,-3.5,6.200,0.60,0.09,0.02,-4.0,6.200,0.56,0.11,-0.01,-3.8,6.200,0.29,0.04,-0.02,-3.2
6.250,0.29,0.04,-0.03,-3.9,6.250,0.39,0.05,-0.05,-4.0,6.250,0.34,0.06,0.03,-4.1,6.250,0.39,0.10,-0.13,-4.1,6.250,0.45,0.07,-0.02,-3.5,6.250,0.60,0.09,-0.01,-3.9,6.250,0.57,0.11,-0.02,-3.8,6.250,0.29,0.04,-0.01,-3.2
6.300,0.29,0.04,-0.03,-3.9,6.300,0.40,0.05,-0.06,-4.1,6.300,0.35,0.06,0.06,-4.2,6.300,0.40,0.09,-0.18,-4.0,6.300,0.45,0.07,-0.02,-3.5,6.300,0.61,0.09,-0.03,-3.9,6.300,0.57,0.11,-0.04,-3.8,6.300,0.30,0.04,-2.65E-4,-3.3
6.350,0.30,0.04,-0.02,-3.9,6.350,0.40,0.05,-0.05,-4.0,6.350,0.35,0.07,0.08,-4.2,6.350,0.40,0.08,-0.17,-4.0,6.350,0.45,0.07,-0.02,-3.5,6.350,0.61,0.09,-0.04,-3.8,6.350,0.58,0.11,-0.06,-3.7,6.350,0.30,0.04,0.02,-3.3
6.400,0.30,0.04,-0.01,-3.9,6.400,0.40,0.04,-0.03,-4.1,6.400,0.35,0.07,0.09,-4.3,6.400,0.40,0.07,-0.06,-4.0,6.400,0.46,0.07,-0.02,-3.6,6.400,0.62,0.09,-0.03,-3.8,6.400,0.58,0.10,-0.05,-3.8,6.400,0.30,0.04,0.03,-3.3
6.450,0.30,0.04,-0.01,-4.0,6.450,0.40,0.04,0.00,-4.0,6.450,0.36,0.07,0.09,-4.3,6.450,0.41,0.07,0.09,-4.1,6.450,0.46,0.07,0.00,-3.5,6.450,0.62,0.09,-0.01,-3.9,6.450,0.59,0.10,-0.04,-3.8,6.450,0.30,0.04,0.04,-3.3
6.500,0.30,0.04,-0.02,-4.0,6.500,0.41,0.05,0.03,-4.1,6.500,0.36,0.08,0.06,-4.3,6.500,0.41,0.08,0.18,-4.2,6.500,0.46,0.07,0.01,-3.6,6.500,0.62,0.09,-0.01,-3.9,6.500,0.59,0.10,-0.02,-3.8,6.500,0.30,0.04,0.04,-3.4
6.550,0.30,0.04,-0.03,-3.9,6.550,0.41,0.05,0.04,-4.2,6.550,0.36,0.08,0.03,-4.2,6.550,0.42,0.10,0.18,-4.3,6.550,0.47,0.07,0.01,-3.6,6.550,0.63,0.09,-0.01,-3.9,6.550,0.60,0.10,-0.01,-3.8,6.550,0.31,0.05,0.03,-3.3
6.600,0.31,0.04,-0.03,-3.9,6.600,0.41,0.05,0.04,-4.1,6.600,0.37,0.08,-0.01,-4.2,6.600,0.42,0.10,0.11,-4.4,6.600,0.47,0.07,-0.03,-3.6,6.600,0.63,0.09,-0.02,-3.8,6.600,0.60,0.10,-0.01,-3.8,6.600,0.31,0.05,0.02,-3.4
6.650,0.31,0.03,-0.03,-3.9,6.650,0.41,0.05,0.03,-4.1,6.650,0.37,0.08,-0.03,-4.2,6.650,0.43,0.11,0.04,-4.3,6.650,0.47,0.07,-0.08,-3.5,6.650,0.64,0.08,-0.01,-3.7,6.650,0.61,0.10,-0.01,-3.7,6.650,0.31,0.05,0.00,-3.4
6.700,0.31,0.03,-0.02,-4.0,6.700,0.42,0.05,0.01,-4.1,6.700,0.38,0.08,-0.05,-4.1,6.700,0.43,0.11,0.01,-4.1,6.700,0.48,0.06,-0.11,-3.6,6.700,0.64,0.08,0.02,-3.7,6.700,0.61,0.10,-0.01,-3.8,6.700,0.31,0.05,-0.01,-3.3
6.750,0.31,0.03,-0.02,-4.0,6.750,0.42,0.05,0.00,-4.0,6.750,0.38,0.08,-0.06,-4.0,6.750,0.44,0.11,-0.01,-3.9,6.750,0.48,0.06,-0.10,-3.6,6.750,0.65,0.09,0.06,-4.0,6.750,0.62,0.10,-0.02,-3.7,6.750,0.32,0.05,-0.02,-3.3
6.800,0.31,0.03,-0.03,-4.0,6.800,0.42,0.05,-0.01,-4.1,6.800,0.38,0.07,-0.07,-4.0,6.800,0.44,0.11,-0.01,-4.0,6.800,0.48,0.05,-0.08,-3.6,6.800,0.65,0.09,0.09,-3.9,6.800,0.62,0.09,-0.03,-3.6,6.800,0.32,0.05,-0.02,-3.3
6.850,0.31,0.03,-0.03,-4.0,6.850,0.42,0.05,-0.01,-4.0,6.850,0.39,0.07,-0.07,-4.1,6.850,0.45,0.10,0.00,-4.1,6.850,0.49,0.05,-0.05,-3.6,6.850,0.65,0.10,0.09,-3.9,6.850,0.63,0.09,-0.03,-3.7,6.850,0.32,0.05,0.00,-3.3
6.900,0.32,0.03,-0.02,-4.0,6.900,0.43,0.05,0.00,-4.0,6.900,0.39,0.06,-0.06,-4.1,6.900,0.45,0.10,0.02,-4.2,6.900,0.49,0.05,-0.02,-3.7,6.900,0.66,0.10,0.08,-3.8,6.900,0.63,0.09,-0.01,-3.7,6.900,0.32,0.05,0.01,-3.4
6.950,0.32,0.03,0.00,-4.0,6.950,0.43,0.05,0.01,-4.0,6.950,0.39,0.06,-0.04,-4.1,6.950,0.46,0.11,0.02,-4.2,6.950,0.49,0.05,0.02,-3.7,6.950,0.66,0.10,0.06,-3.8,6.950,0.63,0.09,0.02,-3.8,6.950,0.33,0.05,0.01,-3.3
7.000,0.32,0.03,0.01,-4.1,7.000,0.43,0.05,0.04,-4.1,7.000,0.40,0.06,-0.03,-4.2,7.000,0.46,0.11,-0.01,-4.0,7.000,0.49,0.05,0.05,-3.8,7.000,0.67,0.11,0.04,-3.8,7.000,0.64,0.09,0.04,-3.8,7.000,0.33,0.05,7.09E-5,-3.4
7.050,0.32,0.03,0.00,-4.0,7.050,0.43,0.05,0.06,-4.0,7.050,0.40,0.06,-0.02,-4.2,7.050,0.47,0.11,-0.08,-4.0,7.050,0.50,0.05,0.06,-3.8,7.050,0.68,0.11,0.00,-3.7,7.050,0.64,0.10,0.05,-3.7,7.050,0.33,0.05,0.00,-3.3
7.100,0.32,0.03,0.00,-4.0,7.100,0.44,0.06,0.06,-4.2,7.100,0.40,0.06,0.01,-4.2,7.100,0.47,0.10,-0.15,-4.0,7.100,0.50,0.05,0.07,-3.8,7.100,0.68,0.11,-0.06,-3.6,7.100,0.65,0.10,0.06,-3.8,7.100,0.33,0.05,0.00,-3.4
7.150,0.32,0.03,-0.01,-4.0,7.150,0.44,0.06,0.05,-4.1,7.150,0.41,0.06,0.03,-4.2,7.150,0.48,0.09,-0.19,-3.9,7.150,0.50,0.06,0.06,-3.9,7.150,0.69,0.10,-0.13,-3.5,7.150,0.65,0.10,0.05,-3.7,7.150,0.34,0.05,0.00,-3.4
7.200,0.32,0.03,-0.01,-4.1,7.200,0.44,0.06,0.04,-4.1,7.200,0.41,0.06,0.03,-4.2,7.200,0.48,0.08,-0.17,-3.7,7.200,0.50,0.06,0.07,-3.8,7.200,0.69,0.09,-0.20,-3.4,7.200,0.66,0.10,0.03,-3.8,7.200,0.34,0.05,-0.01,-3.4
7.250,0.33,0.03,0.00,-4.0,7.250,0.45,0.06,0.04,-4.1,7.250,0.41,0.06,0.02,-4.2,7.250,0.49,0.07,-0.11,-3.6,7.250,0.51,0.06,0.08,-3.8,7.250,0.70,0.08,-0.24,-3.3,7.250,0.66,0.10,0.00,-3.6,7.250,0.34,0.05,-0.01,-3.3
7.300,0.33,0.03,0.02,-4.0,7.300,0.45,0.07,0.04,-4.1,7.300,0.42,0.06,0.00,-4.2,7.300,0.49,0.07,-0.04,-3.7,7.300,0.51,0.07,0.08,-3.8,7.300,0.70,0.07,-0.21,-3.1,7.300,0.67,0.10,-0.03,-3.5,7.300,0.34,0.04,-0.02,-3.4
7.350,0.33,0.03,0.03,-4.1,7.350,0.45,0.07,0.03,-4.0,7.350,0.42,0.06,0.01,-4.2,7.350,0.49,0.07,0.02,-3.9,7.350,0.51,0.07,0.07,-3.9,7.350,0.70,0.06,-0.11,-3.3,7.350,0.67,0.10,-0.03,-3.4,7.350,0.34,0.04,-0.02,-3.3
7.400,0.33,0.03,0.04,-4.1,7.400,0.46,0.07,0.01,-4.1,7.400,0.42,0.06,0.02,-4.2,7.400,0.50,0.07,0.07,-4.0,7.400,0.52,0.08,0.07,-3.8,7.400,0.71,0.06,0.01,-3.4,7.400,0.68,0.10,-0.02,-3.4,7.400,0.35,0.04,-0.03,-3.3
7.450,0.33,0.03,0.04,-4.1,7.450,0.46,0.07,-0.01,-4.0,7.450,0.43,0.07,0.04,-4.2,7.450,0.50,0.08,0.09,-4.0,7.450,0.52,0.08,0.08,-3.8,7.450,0.71,0.06,0.12,-3.7,7.450,0.68,0.10,-0.01,-3.5,7.450,0.35,0.04,-0.03,-3.3
7.500,0.33,0.03,0.04,-4.2,7.500,0.46,0.07,-0.03,-4.0,7.500,0.43,0.07,0.06,-4.2,7.500,0.50,0.08,0.10,-3.9,7.500,0.53,0.08,0.08,-3.9,7.500,0.71,0.07,0.17,-3.7,7.500,0.69,0.10,-0.01,-3.4,7.500,0.35,0.04,-0.03,-3.3
7.550,0.33,0.04,0.02,-4.1,7.550,0.47,0.07,-0.03,-4.0,7.550,0.43,0.07,0.05,-4.2,7.550,0.51,0.09,0.09,-3.9,7.550,0.53,0.09,0.07,-3.8,7.550,0.71,0.08,0.18,-3.6,7.550,0.69,0.10,-0.02,-3.3,7.550,0.35,0.04,-0.02,-3.3
7.600,0.34,0.04,0.01,-4.0,7.600,0.47,0.07,-0.01,-3.8,7.600,0.44,0.08,0.01,-4.2,7.600,0.51,0.09,0.06,-3.8,7.600,0.53,0.09,0.04,-3.8,7.600,0.72,0.09,0.15,-3.6,7.600,0.70,0.10,-0.02,-3.5,7.600,0.35,0.04,-0.01,-3.3
7.650,0.34,0.04,0.00,-4.0,7.650,0.47,0.06,0.00,-4.0,7.650,0.44,0.07,-0.05,-4.1,7.650,0.52,0.09,0.02,-3.9,7.650,0.54,0.09,0.01,-3.8,7.650,0.72,0.10,0.12,-3.5,7.650,0.70,0.10,-0.01,-3.3,7.650,0.36,0.04,-1.58E-4,-3.3
7.700,0.34,0.04,0.01,-4.0,7.700,0.48,0.07,-0.06,-4.0,7.700,0.44,0.07,-0.09,-4.0,7.700,0.52,0.09,-0.02,-3.9,7.700,0.54,0.09,-0.02,-3.8,7.700,0.73,0.10,0.09,-3.3,7.700,0.71,0.10,0.02,-3.4,7.700,0.36,0.04,0.01,-3.4
7.750,0.34,0.04,0.01,-4.0,7.750,0.48,0.06,-0.13,-4.0,7.750,0.45,0.06,-0.11,-3.7,7.750,0.53,0.09,-0.02,-3.8,7.750,0.55,0.09,-0.05,-3.7,7.750,0.73,0.10,0.06,-3.2,7.750,0.71,0.10,0.06,-3.4,7.750,0.36,0.04,0.01,-3.3
7.800,0.34,0.04,0.00,-4.1,7.800,0.48,0.05,-0.12,-3.9,7.800,0.45,0.06,-0.09,-3.8,7.800,0.53,0.09,-0.01,-3.9,7.800,0.55,0.09,-0.07,-3.8,7.800,0.74,0.11,0.04,-3.1,7.800,0.72,0.10,0.09,-3.4,7.800,0.36,0.04,0.00,-3.4
7.850,0.35,0.04,0.00,-4.0,7.850,0.49,0.04,0.01,-4.0,7.850,0.45,0.05,-0.03,-3.9,7.850,0.54,0.09,-0.01,-3.8,7.850,0.56,0.08,-0.08,-3.7,7.850,0.74,0.11,0.04,-3.1,7.850,0.72,0.11,0.09,-3.4,7.850,0.36,0.04,-0.01,-3.3
7.900,0.35,0.04,-0.01,-4.0,7.900,0.49,0.05,0.07,-4.1,7.900,0.46,0.05,0.04,-3.9,7.900,0.54,0.09,-0.02,-3.8,7.900,0.56,0.08,-0.07,-3.8,7.900,0.75,0.11,0.06,-3.0,7.900,0.73,0.11,0.09,-3.3,7.900,0.37,0.04,-0.02,-3.3
7.950,0.35,0.04,-0.01,-4.0,7.950,0.49,0.06,0.00,-4.0,7.950,0.46,0.06,0.09,-4.0,7.950,0.55,0.09,-0.03,-3.7,7.950,0.56,0.08,-0.05,-3.8,7.950,0.76,0.11,0.06,-3.0,7.950,0.73,0.12,0.08,-3.3,7.950,0.37,0.04,-0.03,-3.3
8.000,0.35,0.04,0.00,-4.0,8.000,0.50,0.05,-0.07,-4.0,8.000,0.46,0.07,0.05,-4.0,8.000,0.55,0.09,-0.03,-3.7,8.000,0.57,0.07,-0.03,-3.9,8.000,0.76,0.12,0.05,-2.9,8.000,0.74,0.12,0.06,-3.2,8.000,0.37,0.03,-0.03,-3.3
8.050,0.35,0.04,0.01,-4.0,8.050,0.50,0.04,0.01,-4.0,8.050,0.47,0.07,-0.06,-4.0,8.050,0.55,0.08,0.00,-3.7,8.050,0.57,0.07,-0.02,-3.9,8.050,0.77,0.12,0.04,-2.9,8.050,0.75,0.12,0.04,-3.2,8.050,0.37,0.03,-0.01,-3.3
8.100,0.35,0.04,0.02,-4.0,8.100,0.50,0.05,0.14,-3.9,8.100,0.47,0.06,-0.17,-4.0,8.100,0.56,0.08,0.02,-3.7,8.100,0.58,0.07,-0.02,-3.9,8.100,0.77,0.12,0.02,-2.8,8.100,0.75,0.12,0.02,-3.1,8.100,0.37,0.03,0.01,-3.4
8.150,0.36,0.04,0.02,-4.1,8.150,0.50,0.07,0.15,-3.9,8.150,0.47,0.05,-0.17,-4.0,8.150,0.56,0.09,0.01,-3.8,8.150,0.58,0.07,-0.03,-3.9,8.150,0.78,0.12,0.03,-2.8,8.150,0.76,0.12,0.00,-3.0,8.150,0.37,0.03,0.04,-3.4
8.200,0.36,0.04,0.01,-4.0,8.200,0.50,0.07,0.05,-4.1,8.200,0.47,0.03,-0.09,-3.9,8.200,0.57,0.09,-0.02,-3.7,8.200,0.58,0.07,-0.03,-3.8,8.200,0.79,0.12,0.04,-2.8,8.200,0.77,0.12,-0.01,-2.9,8.200,0.38,0.04,0.06,-3.4
8.250,0.36,0.04,-0.01,-4.1,8.250,0.51,0.07,-0.05,-4.0,8.250,0.47,0.04,-0.01,-3.8,8.250,0.57,0.08,-0.05,-3.8,8.250,0.59,0.07,-0.02,-3.8,8.250,0.79,0.13,0.03,-2.7,8.250,0.77,0.12,-0.01,-2.9,8.250,0.38,0.04,0.07,-3.5
8.300,0.36,0.04,-0.03,-4.0,8.300,0.51,0.06,-0.07,-4.0,8.300,0.48,0.04,-0.05,-3.9,8.300,0.57,0.08,-0.07,-3.7,8.300,0.59,0.07,0.00,-3.9,8.300,0.80,0.13,-0.06,-2.6,8.300,0.78,0.12,-1.60E-4,-2.9,8.300,0.38,0.04,0.07,-3.5
8.350,0.36,0.04,-0.04,-4.0,8.350,0.51,0.06,-0.07,-3.9,8.350,0.48,0.04,-0.12,-4.0,8.350,0.58,0.08,-0.07,-3.5,8.350,0.59,0.07,0.03,-3.9,8.350,0.80,0.12,-0.24,-2.3,8.350,0.78,0.12,0.00,-3.0,8.350,0.38,0.05,0.06,-3.6
8.400,0.37,0.03,-0.06,-3.9,8.400,0.52,0.06,-0.04,-3.9,8.400,0.48,0.02,-0.13,-3.9,8.400,0.58,0.07,-0.07,-3.6,8.400,0.60,0.07,0.06,-3.9,8.400,0.81,0.11,-0.46,-1.9,8.400,0.79,0.12,-0.02,-2.9,8.400,0.38,0.05,0.05,-3.6
8.450,0.37,0.03,-0.07,-3.9,8.450,0.52,0.05,0.02,-3.9,8.450,0.48,0.02,-0.13,-3.9,8.450,0.59,0.07,-0.04,-3.7,8.450,0.60,0.07,0.06,-4.0,8.450,0.82,0.08,-0.61,-1.5,8.450,0.80,0.12,-0.06,-2.8,8.450,0.39,0.05,0.05,-3.6
8.500,0.37,0.03,-0.07,-3.9,8.500,0.52,0.06,0.07,-3.7,8.500,0.48,0.02,-0.08,-4.0,8.500,0.59,0.07,-0.02,-3.8,8.500,0.60,0.08,0.05,-4.0,8.500,0.82,0.04,-0.57,-1.1,8.500,0.80,0.12,-0.10,-2.7,8.500,0.39,0.06,0.03,-3.6
8.550,0.37,0.02,-0.06,-3.9,8.550,0.53,0.06,0.07,-3.9,8.550,0.48,0.00,-0.03,-3.9,8.550,0.59,0.07,0.01,-3.7,8.550,0.61,0.08,0.03,-4.1,8.550,0.82,0.01,-0.38,-1.1,8.550,0.81,0.11,-0.10,-2.6,8.550,0.39,0.06,0.01,-3.6
8.600,0.37,0.02,-0.04,-3.9,8.600,0.53,0.07,0.04,-3.8,8.600,0.48,0.01,0.04,-4.0,8.600,0.60,0.07,0.03,-3.7,8.600,0.61,0.08,0.02,-4.0,8.600,0.82,2.73E-5,-0.16,-1.1,8.600,0.81,0.11,-0.06,-2.6,8.600,0.40,0.06,0.00,-3.6
8.650,0.37,0.02,-0.02,-3.9,8.650,0.53,0.07,0.00,-3.8,8.650,0.48,0.01,0.10,-4.1,8.650,0.60,0.07,0.05,-3.8,8.650,0.61,0.08,0.01,-4.0,8.650,0.82,-6.01E-4,-0.04,-1.1,8.650,0.82,0.10,-0.01,-2.4,8.650,0.40,0.06,0.01,-3.6
8.700,0.37,0.02,0.00,-4.0,8.700,0.54,0.07,0.00,-3.9,8.700,0.49,0.02,0.09,-4.0,8.700,0.60,0.07,0.08,-3.8,8.700,0.62,0.08,0.00,-4.0,8.700,0.82,0.00,0.00,-0.9,8.700,0.82,0.10,0.07,-2.4,8.700,0.40,0.06,0.02,-3.6
8.750,0.37,0.02,0.02,-4.0,8.750,0.54,0.07,0.00,-3.8,8.750,0.48,0.03,0.05,-4.0,8.750,0.61,0.08,0.08,-3.7,8.750,0.62,0.08,-0.01,-4.0,8.750,0.82,0.00,0.00,-0.8,8.750,0.83,0.11,0.17,-2.3,8.750,0.40,0.06,0.03,-3.6
8.800,0.37,0.02,0.03,-4.0,8.800,0.54,0.07,-0.01,-3.8,8.800,0.49,0.03,-0.01,-4.0,8.800,0.61,0.08,0.06,-3.8,8.800,0.63,0.08,-0.01,-3.9,8.800,0.82,0.00,0.00,-0.8,8.800,0.83,0.12,0.28,-2.6,8.800,0.41,0.06,0.05,-3.6
8.850,0.38,0.02,0.03,-4.0,8.850,0.55,0.07,-0.01,-3.9,8.850,0.49,0.02,0.02,-4.0,8.850,0.62,0.09,0.01,-3.7,8.850,0.63,0.08,0.00,-4.0,8.850,0.82,0.00,,-0.8,8.850,0.84,0.14,0.30,-2.6,8.850,0.41,0.06,0.05,-3.5
8.900,0.38,0.02,0.03,-4.0,8.900,0.55,0.07,-0.03,-3.9,8.900,0.49,0.02,0.16,-4.0,8.900,0.62,0.09,-0.04,-3.7,8.900,0.63,0.08,-0.01,-4.1,8.900,0.82,0.00,,-0.8,8.900,0.85,0.16,0.13,-2.4,8.900,0.41,0.07,0.04,-3.5
8.950,0.38,0.03,0.03,-4.0,8.950,0.55,0.06,-0.05,-3.8,8.950,0.49,0.04,0.23,-4.0,8.950,0.62,0.08,-0.05,-3.8,8.950,0.64,0.08,-0.02,-3.9,8.950,0.82,,,-0.7,8.950,0.86,0.16,-0.25,-2.0,8.950,0.42,0.07,0.02,-3.6
9.000,0.38,0.03,0.03,-4.1,9.000,0.56,0.06,-0.06,-3.7,9.000,0.49,0.06,0.16,-4.0,9.000,0.63,0.08,-0.02,-3.8,9.000,0.64,0.08,-0.03,-3.9,9.000,,,,-0.6,9.000,0.87,0.14,-0.65,-1.6,9.000,0.42,0.07,0.01,-3.5
9.050,0.38,0.03,0.03,-4.0,9.050,0.56,0.06,-0.03,-3.7,9.050,0.50,0.05,0.08,-4.1,9.050,0.63,0.08,0.02,-3.7,9.050,0.65,0.08,-0.03,-3.9,,,,,,9.050,0.87,0.09,-0.84,-1.2,9.050,0.42,0.07,0.01,-3.5
9.100,0.38,0.03,0.02,-4.1,9.100,0.56,0.06,-0.02,-3.7,9.100,0.50,0.05,0.13,-4.0,9.100,0.64,0.08,0.05,-3.8,9.100,0.65,0.07,-0.03,-4.0,,,,,,9.100,0.87,0.04,-0.73,-0.9,9.100,0.43,0.07,0.01,-3.4
9.150,0.38,0.03,-0.01,-4.0,9.150,0.56,0.06,-0.08,-3.7,9.150,0.50,0.07,0.19,-4.0,9.150,0.64,0.08,0.06,-3.8,9.150,0.65,0.07,-0.02,-4.0,,,,,,9.150,0.87,0.01,-0.44,-0.9,9.150,0.43,0.07,0.01,-3.4
9.200,0.39,0.03,-0.03,-4.0,9.200,0.57,0.05,-0.15,-3.7,9.200,0.50,0.08,0.06,-3.9,9.200,0.64,0.09,0.06,-3.8,9.200,0.66,0.07,-0.02,-3.9,,,,,,9.200,0.87,0.00,-0.18,-0.7,9.200,0.43,0.07,0.00,-3.3
9.250,0.39,0.03,-0.04,-4.0,9.250,0.57,0.04,-0.15,-3.7,9.250,0.51,0.08,-0.18,-3.9,9.250,0.65,0.09,0.07,-3.8,9.250,0.66,0.07,-0.02,-3.9,,,,,,9.250,0.87,0.00,,-0.5,9.250,0.44,0.07,-0.01,-3.2
9.300,0.39,0.02,-0.03,-4.0,9.300,0.57,0.03,-0.05,-3.8,9.300,0.51,0.06,-0.33,-3.9,9.300,0.65,0.09,0.07,-3.8,9.300,0.66,0.07,-0.01,-3.7,,,,,,9.300,0.87,0.00,,-0.4,9.300,0.44,0.07,-0.01,-3.3
9.350,0.39,0.02,-0.02,-4.0,9.350,0.57,0.03,0.05,-3.7,9.350,0.52,0.04,-0.26,-3.9,9.350,0.66,0.10,0.08,-3.7,9.350,0.67,0.07,0.00,-3.8,,,,,,9.350,0.87,,,-0.4,9.350,0.44,0.07,0.00,-3.2
9.400,0.39,0.02,0.00,-4.0,9.400,0.58,0.04,0.06,-3.7,9.400,0.52,0.03,-0.04,-3.9,9.400,0.66,0.10,0.07,-3.8,9.400,0.67,0.07,0.00,-3.9,,,,,,9.400,,,,-0.4,9.400,0.45,0.07,0.01,-3.2
9.450,0.39,0.02,,-4.1,9.450,0.58,0.04,-0.01,-3.7,9.450,0.52,0.04,0.15,-3.8,9.450,0.67,0.11,0.13,-3.7,9.450,0.67,0.07,-0.02,-3.8,,,,,,9.450,,,,-0.4,9.450,0.45,0.07,0.04,-3.3
9.500,0.39,0.03,,-4.0,9.500,0.58,0.04,-0.11,-3.7,9.500,0.52,0.05,0.18,-3.8,9.500,0.67,0.11,0.32,-3.5,9.500,0.68,0.07,-0.06,-3.7,,,,,,,,,,,9.500,0.45,0.07,0.06,-3.3
9.550,0.39,,,-4.0,9.550,0.58,0.03,-0.12,-3.7,9.550,0.52,0.06,0.08,-3.9,9.550,0.68,0.13,,-3.5,9.550,0.68,0.06,-0.11,-3.4,,,,,,,,,,,9.550,0.46,0.08,0.06,-3.3
9.600,,,,-4.0,9.600,0.58,0.02,-0.08,-3.7,9.600,0.53,0.06,-0.02,-3.8,9.600,0.68,0.17,,-3.4,9.600,0.69,0.06,-0.13,-3.5,,,,,,,,,,,9.600,0.46,0.08,0.04,-3.3
9.650,,,,-4.1,9.650,0.58,0.03,-0.04,-3.7,9.650,0.53,0.05,-0.06,-3.9,9.650,0.70,,,-3.3,9.650,0.69,0.05,-0.12,-3.4,,,,,,,,,,,9.650,0.47,0.08,0.02,-3.3
,,,,,9.700,0.59,0.02,-0.01,-3.7,9.700,0.53,0.05,-0.05,-3.9,9.700,,,,-3.2,9.700,0.69,0.04,-0.09,-3.4,,,,,,,,,,,9.700,0.47,0.08,-0.02,-3.3
,,,,,9.750,0.59,0.02,0.00,-3.7,9.750,0.53,0.05,-0.02,-3.8,9.750,,,,-3.2,9.750,0.69,0.04,-0.05,-3.4,,,,,,,,,,,9.750,0.47,0.08,-0.05,-3.3
,,,,,9.800,0.59,0.02,0.03,-3.8,9.800,0.54,0.04,0.29,-3.9,,,,,,9.800,0.69,0.04,2.12E-4,-3.5,,,,,,,,,,,9.800,0.48,0.07,-0.08,-3.2
,,,,,9.850,0.59,0.03,0.02,-3.8,9.850,0.54,0.05,0.67,-4.1,,,,,,9.850,0.70,0.04,0.04,-3.6,,,,,,,,,,,9.850,0.48,0.07,-0.09,-3.2
,,,,,9.900,0.59,0.03,-0.01,-3.8,9.900,0.54,0.13,0.61,-3.9,,,,,,9.900,0.70,0.05,0.06,-3.7,,,,,,,,,,,9.900,0.48,0.06,-0.09,-3.2
,,,,,9.950,0.59,0.02,-0.02,-3.8,9.950,0.55,0.16,0.16,-3.8,,,,,,9.950,0.70,0.05,0.04,-3.6,,,,,,,,,,,9.950,0.49,0.06,-0.07,-3.2
,,,,,10.000,0.59,0.02,0.05,-3.7,10.000,0.57,0.12,-0.13,-4.0,,,,,,10.000,0.70,0.05,0.02,-3.6,,,,,,,,,,,10.000,0.49,0.06,-0.05,-3.2
,,,,,10.050,0.59,0.03,0.12,-3.7,10.050,0.55,0.11,-0.11,-4.0,,,,,,10.050,0.71,0.05,0.02,-3.5,,,,,,,,,,,10.050,0.49,0.06,-0.02,-3.3
,,,,,10.100,0.59,0.04,0.13,-3.7,10.100,0.57,0.14,-0.59,-3.9,,,,,,10.100,0.71,0.05,0.02,-3.7,,,,,,,,,,,10.100,0.50,0.06,0.01,-3.3
,,,,,10.150,0.60,0.04,0.08,-3.6,10.150,0.58,0.11,-1.35,-4.0,,,,,,10.150,0.71,0.05,0.00,-3.6,,,,,,,,,,,10.150,0.50,0.06,0.03,-3.3
,,,,,10.200,0.60,0.04,0.01,-3.7,10.200,0.59,-0.05,-1.24,-4.1,,,,,,10.200,0.71,0.05,-0.02,-3.5,,,,,,,,,,,10.200,0.50,0.06,,-3.4
,,,,,10.250,0.60,0.04,-0.03,-3.7,10.250,0.57,-0.11,0.28,-4.1,,,,,,10.250,0.72,0.05,-0.05,-3.5,,,,,,,,,,,10.250,0.50,0.06,,-3.2
,,,,,10.300,0.60,0.04,-0.04,-3.7,10.300,0.57,-0.02,1.87,-4.0,,,,,,10.300,0.72,0.05,-0.06,-3.4,,,,,,,,,,,10.300,0.51,,,-3.2
,,,,,10.350,0.61,0.04,-0.03,-3.7,10.350,0.57,0.16,1.90,-3.9,,,,,,10.350,0.72,0.04,-0.05,-3.3,,,,,,,,,,,10.350,,,,-3.2
,,,,,10.400,0.61,0.04,-0.03,-3.6,10.400,0.58,0.25,0.33,-3.9,,,,,,10.400,0.72,0.04,-0.01,-3.3,,,,,,,,,,,,,,,
,,,,,10.450,0.61,0.04,-0.01,-3.7,10.450,0.60,0.20,-1.42,-3.9,,,,,,10.450,0.72,0.04,0.04,-3.4,,,,,,,,,,,,,,,
,,,,,10.500,0.61,0.03,0.03,-3.8,10.500,0.61,0.04,-1.69,-4.0,,,,,,10.500,0.73,0.04,0.09,-3.4,,,,,,,,,,,,,,,
,,,,,10.550,0.61,0.04,0.06,-3.8,10.550,0.60,-0.06,-0.43,-3.9,,,,,,10.550,0.73,0.05,0.14,-3.4,,,,,,,,,,,,,,,
,,,,,10.600,0.61,0.04,0.06,-3.9,10.600,0.59,0.00,0.97,-4.0,,,,,,10.600,0.73,0.06,0.13,-3.5,,,,,,,,,,,,,,,
,,,,,10.650,0.62,0.05,-5.18E-4,-3.7,10.650,0.60,0.11,1.10,-4.0,,,,,,10.650,0.73,0.07,0.02,-3.5,,,,,,,,,,,,,,,
,,,,,10.700,0.62,0.04,-0.09,-3.7,10.700,0.61,0.16,0.12,-3.8,,,,,,10.700,0.74,0.07,-0.17,-3.3,,,,,,,,,,,,,,,
,,,,,10.750,0.62,0.04,-0.15,-3.6,10.750,0.62,0.11,-0.75,-3.8,,,,,,10.750,0.74,0.05,-0.34,-2.7,,,,,,,,,,,,,,,
,,,,,10.800,0.62,0.02,-0.11,-3.6,10.800,0.62,0.04,-0.78,-4.0,,,,,,10.800,0.74,0.02,-0.37,-1.9,,,,,,,,,,,,,,,
,,,,,10.850,0.62,0.02,0.01,-3.7,10.850,0.62,0.01,-2.06,-4.0,,,,,,10.850,0.74,0.01,,-1.7,,,,,,,,,,,,,,,
,,,,,10.900,0.62,0.03,0.17,-3.8,10.900,0.62,0.03,-5.38,-3.9,,,,,,10.900,0.74,0.00,,-1.8,,,,,,,,,,,,,,,
,,,,,10.950,0.63,0.04,-1.67,-3.7,10.950,0.62,-0.50,-5.47,-3.7,,,,,,10.950,0.74,,,-1.6,,,,,,,,,,,,,,,
,,,,,11.000,0.63,0.06,-5.68,-3.3,11.000,0.63,-1.07,-0.22,-3.8,,,,,,11.000,,,,-1.5,,,,,,,,,,,,,,,
,,,,,11.050,0.63,-0.51,-8.07,-3.0,11.050,0.46,-0.54,5.17,-4.0,,,,,,11.050,,,,-1.4,,,,,,,,,,,,,,,
,,,,,11.100,0.64,-1.13,-4.67,-2.5,11.100,0.46,0.00,3.32,-4.2,,,,,,,,,,,,,,,,,,,,,,,,,
,,,,,11.150,0.46,-1.20,3.12,-2.6,11.150,0.63,-0.02,-2.28,-4.3,,,,,,,,,,,,,,,,,,,,,,,,,
,,,,,11.200,0.46,-0.66,,-2.1,11.200,0.46,-0.60,-2.19,-4.2,,,,,,,,,,,,,,,,,,,,,,,,,
,,,,,11.250,0.45,-0.05,,-1.5,11.250,0.45,-0.63,1.78,-4.0,,,,,,,,,,,,,,,,,,,,,,,,,
,,,,,11.300,0.45,,,-1.3,11.300,0.45,-0.05,3.89,-3.9,,,,,,,,,,,,,,,,,,,,,,,,,
,,,,,11.350,,,,-1.3,11.350,0.45,-0.03,2.14,-3.9,,,,,,,,,,,,,,,,,,,,,,,,,
,,,,,,,,,,11.400,0.45,-0.02,0.31,-3.9,,,,,,,,,,,,,,,,,,,,,,,,,
,,,,,,,,,,11.450,0.45,-0.01,0.47,-4.0,,,,,,,,,,,,,,,,,,,,,,,,,
,,,,,,,,,,11.500,0.45,0.02,0.64,-3.9,,,,,,,,,,,,,,,,,,,,,,,,,
,,,,,,,,,,11.550,0.45,0.06,2.91,-3.6,,,,,,,,,,,,,,,,,,,,,,,,,
,,,,,,,,,,11.600,0.45,0.10,7.32,-4.0,,,,,,,,,,,,,,,,,,,,,,,,,
,,,,,,,,,,11.650,0.46,0.79,9.48,-4.0,,,,,,,,,,,,,,,,,,,,,,,,,
,,,,,,,,,,11.700,0.47,1.49,4.85,-3.9,,,,,,,,,,,,,,,,,,,,,,,,,
,,,,,,,,,,11.750,0.67,1.51,-4.43,-3.9,,,,,,,,,,,,,,,,,,,,,,,,,
,,,,,,,,,,11.800,0.69,0.83,-9.28,-3.7,,,,,,,,,,,,,,,,,,,,,,,,,
,,,,,,,,,,11.850,0.69,0.12,-7.14,-3.8,,,,,,,,,,,,,,,,,,,,,,,,,
,,,,,,,,,,11.900,0.70,0.10,-2.50,-3.7,,,,,,,,,,,,,,,,,,,,,,,,,
,,,,,,,,,,11.950,0.70,0.10,-0.10,-3.7,,,,,,,,,,,,,,,,,,,,,,,,,
,,,,,,,,,,12.000,0.71,0.10,,-3.7,,,,,,,,,,,,,,,,,,,,,,,,,
,,,,,,,,,,12.050,0.71,0.09,,-3.6,,,,,,,,,,,,,,,,,,,,,,,,,
,,,,,,,,,,12.100,0.72,,,-3.7,,,,,,,,,,,,,,,,,,,,,,,,,
,,,,,,,,,,12.150,,,,-3.7,,,,,,,,,,,,,,,,,,,,,,,,,
