"Time (s) Run #1","Force (N) Run #1","Position (m) Run #1","Velocity (m/s) Run #1","Acceleration (m/s²) Run #1","Time (s) Run #2","Force (N) Run #2","Position (m) Run #2","Velocity (m/s) Run #2","Acceleration (m/s²) Run #2","Time (s) Run #3","Force (N) Run #3","Position (m) Run #3","Velocity (m/s) Run #3","Acceleration (m/s²) Run #3","Time (s) Run #4","Force (N) Run #4","Position (m) Run #4","Velocity (m/s) Run #4","Acceleration (m/s²) Run #4","Time (s) Run #5","Force (N) Run #5","Position (m) Run #5","Velocity (m/s) Run #5","Acceleration (m/s²) Run #5","Time (s) Run #6","Force (N) Run #6","Position (m) Run #6","Velocity (m/s) Run #6","Acceleration (m/s²) Run #6","Time (s) Run #7","Force (N) Run #7","Position (m) Run #7","Velocity (m/s) Run #7","Acceleration (m/s²) Run #7","Time (s) Run #8","Force (N) Run #8","Position (m) Run #8","Velocity (m/s) Run #8","Acceleration (m/s²) Run #8","Time (s) Run #9","Force (N) Run #9","Position (m) Run #9","Velocity (m/s) Run #9","Acceleration (m/s²) Run #9","Time (s) Run #10","Force (N) Run #10","Position (m) Run #10","Velocity (m/s) Run #10","Acceleration (m/s²) Run #10","Time (s) Run #11","Force (N) Run #11","Position (m) Run #11","Velocity (m/s) Run #11","Acceleration (m/s²) Run #11","Time (s) Run #12","Force (N) Run #12","Position (m) Run #12","Velocity (m/s) Run #12","Acceleration (m/s²) Run #12","Time (s) Run #13","Force (N) Run #13","Position (m) Run #13","Velocity (m/s) Run #13","Acceleration (m/s²) Run #13"
0.000,-0.7,0.16,,,0.000,-0.2,0.16,,,0.000,-0.6,0.18,,,0.000,-2.1,0.16,,,0.000,-0.8,0.15,,,0.000,-7.1E-15,0.15,,,0.000,-0.6,0.15,,,0.000,-0.4,0.16,,,0.000,0.0,0.16,,,0.000,-7.1E-15,0.16,,,0.000,-0.3,0.15,,,0.000,-0.1,0.17,,,0.000,-7.1E-15,0.15,,
0.050,-0.6,0.16,0.00,,0.050,-0.1,0.16,0.00,,0.050,-0.6,0.18,-0.01,,0.050,-2.3,0.16,0.00,,0.050,-1.0,0.15,0.00,,0.050,-7.1E-15,0.15,0.01,,0.050,-0.6,0.15,0.00,,0.050,-0.4,0.16,-0.01,,0.050,0.0,0.16,0.00,,0.050,-7.1E-15,0.16,0.00,,0.050,-0.3,0.15,-1.49E-5,,0.050,-0.1,0.17,-1.69E-5,,0.050,-7.1E-15,0.15,0.00,
0.100,-0.6,0.16,0.00,0.03,0.100,-0.1,0.16,-5.30E-6,0.02,0.100,-0.5,0.18,0.00,0.06,0.100,-2.4,0.16,-5.44E-6,0.04,0.100,-1.0,0.15,0.00,-0.01,0.100,-7.1E-15,0.15,0.00,-0.05,0.100,-0.5,0.15,0.00,0.00,0.100,-0.5,0.16,0.00,0.10,0.100,0.0,0.16,-5.79E-4,0.02,0.100,-7.1E-15,0.16,0.00,0.01,0.100,-0.3,0.15,0.00,0.02,0.100,-0.1,0.17,5.73E-4,0.01,0.100,-7.1E-15,0.15,0.00,0.00
0.150,-0.6,0.16,0.00,0.02,0.150,-0.1,0.16,5.79E-4,0.01,0.150,-0.4,0.18,5.79E-4,0.02,0.150,-2.3,0.16,5.84E-4,0.01,0.150,-1.1,0.15,5.78E-4,-0.01,0.150,-7.1E-15,0.15,5.89E-4,-0.03,0.150,-0.5,0.15,0.00,0.00,0.150,-0.5,0.16,0.00,0.03,0.150,0.0,0.16,0.00,0.01,0.150,-7.1E-15,0.16,0.00,0.00,0.150,-0.3,0.15,0.00,0.00,0.150,-0.1,0.17,5.79E-4,0.00,0.150,0.0,0.15,0.00,0.00
0.200,-0.6,0.16,0.00,0.01,0.200,-0.1,0.16,0.00,0.00,0.200,-0.4,0.18,0.00,0.00,0.200,-2.5,0.16,-5.73E-4,0.00,0.200,-1.2,0.15,0.00,-0.01,0.200,-7.1E-15,0.15,0.00,-0.02,0.200,-0.5,0.15,0.00,0.00,0.200,-0.5,0.16,5.79E-4,0.00,0.200,-7.1E-15,0.16,0.00,0.00,0.200,-7.1E-15,0.16,0.00,-0.01,0.200,-0.3,0.15,0.00,-0.01,0.200,-0.1,0.17,0.00,0.00,0.200,0.0,0.15,0.00,0.00
0.250,-0.6,0.16,-5.30E-6,0.00,0.250,-0.1,0.16,0.00,0.00,0.250,-0.4,0.18,0.00,0.00,0.250,-2.7,0.16,-5.79E-4,0.00,0.250,-1.5,0.15,0.00,0.00,0.250,-7.1E-15,0.15,0.00,0.00,0.250,-0.5,0.15,0.00,0.00,0.250,-0.5,0.16,0.00,-0.01,0.250,0.0,0.16,0.00,0.00,0.250,-7.1E-15,0.16,0.00,-0.03,0.250,-0.2,0.15,5.73E-4,0.00,0.250,-0.1,0.17,0.00,0.00,0.250,-7.1E-15,0.15,0.00,0.00
0.300,-0.6,0.16,5.73E-4,0.00,0.300,-0.1,0.16,0.00,0.00,0.300,-0.3,0.18,0.00,0.00,0.300,-3.2,0.16,-5.40E-6,0.01,0.300,-1.7,0.15,0.00,0.00,0.300,-7.1E-15,0.15,-5.73E-4,0.00,0.300,-0.5,0.15,0.00,0.00,0.300,-0.5,0.16,0.00,0.00,0.300,0.0,0.16,0.00,0.00,0.300,-7.1E-15,0.16,0.00,-0.03,0.300,-0.2,0.15,5.68E-4,0.00,0.300,-0.1,0.17,0.00,0.00,0.300,-7.1E-15,0.15,0.00,0.00
0.350,-0.6,0.16,5.79E-4,0.00,0.350,-0.1,0.16,0.00,0.00,0.350,-0.3,0.18,0.00,0.00,0.350,-3.4,0.16,5.68E-4,0.01,0.350,-2.1,0.15,0.00,0.00,0.350,-7.1E-15,0.15,-5.68E-4,0.00,0.350,-0.5,0.15,0.00,0.00,0.350,-0.6,0.16,0.00,0.00,0.350,0.0,0.16,0.00,0.00,0.350,-7.1E-15,0.16,-5.73E-4,-0.01,0.350,-0.2,0.15,0.00,6.62E-5,0.350,-0.1,0.17,0.00,0.00,0.350,0.0,0.15,0.00,0.00
0.400,-0.6,0.16,0.00,0.00,0.400,-0.1,0.16,0.00,0.00,0.400,-0.4,0.18,0.00,0.00,0.400,-3.8,0.16,0.00,0.00,0.400,-2.4,0.15,0.00,0.00,0.400,0.0,0.15,0.00,0.00,0.400,-0.6,0.15,0.00,0.00,0.400,-0.7,0.16,0.00,0.00,0.400,-7.1E-15,0.16,0.00,-1.80E-5,0.400,0.0,0.16,-6.11E-4,0.03,0.400,-0.2,0.15,0.00,-0.01,0.400,-0.1,0.17,0.00,0.00,0.400,-7.1E-15,0.15,0.00,0.00
0.450,-0.7,0.16,-5.31E-6,0.00,0.450,-0.1,0.16,0.00,1.76E-5,0.450,-0.3,0.18,0.00,0.00,0.450,-4.2,0.16,0.00,-0.01,0.450,-3.0,0.15,0.00,0.00,0.450,-7.1E-15,0.15,0.00,0.01,0.450,-0.8,0.15,0.00,0.00,0.450,-0.9,0.16,0.00,0.00,0.450,-7.1E-15,0.16,0.00,0.00,0.450,-7.1E-15,0.16,0.00,0.06,0.450,-0.3,0.15,4.97E-6,-0.01,0.450,-0.1,0.17,0.00,0.00,0.450,-7.1E-15,0.15,0.00,0.00
0.500,-0.7,0.16,5.68E-4,0.00,0.500,-0.4,0.16,0.00,0.00,0.500,-0.5,0.18,0.00,0.00,0.500,-4.6,0.16,5.41E-6,-0.01,0.500,-3.4,0.15,0.00,0.00,0.500,-7.1E-15,0.15,-5.84E-4,0.02,0.500,-0.9,0.15,0.00,0.00,0.500,-1.0,0.16,0.00,0.00,0.500,-7.1E-15,0.16,-5.40E-6,0.00,0.500,0.0,0.16,0.01,0.04,0.500,-0.5,0.15,-5.73E-4,-0.01,0.500,-0.1,0.17,0.00,0.00,0.500,-7.1E-15,0.15,0.00,0.00
0.550,-0.7,0.16,0.00,0.00,0.550,-0.6,0.16,5.29E-6,0.00,0.550,-0.6,0.18,0.00,0.00,0.550,-4.9,0.16,-5.79E-4,0.00,0.550,-3.9,0.15,0.00,0.00,0.550,-7.1E-15,0.15,5.63E-4,0.02,0.550,-1.0,0.15,0.00,0.00,0.550,-1.1,0.16,0.00,0.00,0.550,-0.1,0.16,5.73E-4,0.00,0.550,0.0,0.16,0.01,-0.01,0.550,-0.6,0.15,-5.73E-4,0.00,0.550,-7.1E-15,0.17,0.00,0.00,0.550,-7.1E-15,0.15,0.00,0.00
0.600,-0.8,0.16,5.31E-6,-0.01,0.600,-0.7,0.16,-5.73E-4,0.00,0.600,-0.7,0.18,0.00,0.00,0.600,-5.2,0.16,-5.41E-6,0.01,0.600,-3.9,0.15,0.00,0.00,0.600,-7.1E-15,0.15,0.00,0.02,0.600,-1.1,0.15,0.00,0.00,0.600,-1.2,0.16,0.00,0.00,0.600,-0.1,0.16,5.79E-4,0.00,0.600,-0.2,0.16,0.01,-0.06,0.600,-0.8,0.15,-5.73E-4,-1.66E-5,0.600,-0.1,0.17,0.00,0.00,0.600,-7.1E-15,0.15,0.00,0.00
0.650,-0.9,0.16,-5.73E-4,-0.01,0.650,-0.7,0.16,-5.79E-4,0.00,0.650,-0.8,0.18,0.00,0.00,0.650,-5.7,0.16,5.73E-4,0.00,0.650,-4.2,0.15,0.00,0.00,0.650,-7.1E-15,0.15,0.00,0.01,0.650,-1.2,0.15,0.00,0.00,0.650,-1.3,0.16,0.00,0.00,0.650,-0.2,0.16,5.40E-6,-0.01,0.650,-0.3,0.16,0.00,-0.06,0.650,-1.0,0.15,-5.73E-4,0.00,0.650,-0.2,0.17,0.00,0.00,0.650,-7.1E-15,0.15,0.00,0.00
0.700,-0.9,0.16,-5.73E-4,0.00,0.700,-0.6,0.16,-2.78E-16,0.00,0.700,-0.8,0.18,0.00,0.00,0.700,-6.3,0.16,5.79E-4,0.00,0.700,-4.5,0.15,0.00,0.00,0.700,-7.1E-15,0.15,0.00,-0.01,0.700,-1.3,0.15,0.00,0.00,0.700,-1.4,0.16,0.00,0.00,0.700,-0.3,0.16,-5.73E-4,0.00,0.700,-0.3,0.16,0.00,-0.04,0.700,-1.1,0.15,-5.78E-4,0.00,0.700,-0.2,0.17,0.00,0.00,0.700,0.0,0.15,0.00,0.00
0.750,-0.9,0.16,-5.73E-4,-1.77E-5,0.750,-0.6,0.16,2.78E-16,3.52E-5,0.750,-0.7,0.18,0.00,0.00,0.750,-6.8,0.16,0.00,0.00,0.750,-4.9,0.15,0.00,0.00,0.750,-7.1E-15,0.15,0.00,-0.01,0.750,-1.4,0.15,0.00,0.00,0.750,-1.6,0.16,0.00,0.00,0.750,-0.3,0.16,-5.79E-4,0.00,0.750,-0.3,0.16,0.00,-0.03,0.750,-1.1,0.15,0.00,0.00,0.750,-0.2,0.17,0.00,0.00,0.750,-7.1E-15,0.15,0.00,0.00
0.800,-0.9,0.16,-5.73E-4,0.00,0.800,-0.5,0.16,5.29E-6,0.00,0.800,-0.7,0.18,0.00,0.00,0.800,-7.1,0.16,0.00,0.00,0.800,-5.1,0.15,0.00,0.00,0.800,-7.1E-15,0.15,0.00,-0.01,0.800,-1.7,0.15,0.00,0.00,0.800,-1.6,0.16,0.00,0.00,0.800,-0.4,0.16,0.00,0.00,0.800,-0.3,0.16,0.00,-0.03,0.800,-0.9,0.15,0.00,0.00,0.800,-0.3,0.17,0.00,0.00,0.800,-7.1E-15,0.15,0.00,0.00
0.850,-1.0,0.16,-5.79E-4,0.01,0.850,-0.6,0.16,-5.73E-4,0.00,0.850,-0.8,0.18,0.00,0.00,0.850,-7.7,0.16,0.00,-9.01E-5,0.850,-5.4,0.15,0.00,0.00,0.850,-7.1E-15,0.15,5.78E-4,-0.01,0.850,-1.8,0.15,0.00,0.00,0.850,-1.7,0.16,0.00,0.00,0.850,-0.5,0.16,0.00,0.00,0.850,-0.3,0.16,-0.01,-0.03,0.850,-0.8,0.15,0.00,0.00,0.850,-0.4,0.17,0.00,0.00,0.850,-0.1,0.15,0.00,0.00
0.900,-1.1,0.16,-5.30E-6,0.01,0.900,-0.8,0.16,-5.73E-4,0.00,0.900,-0.9,0.18,0.00,0.00,0.900,-8.0,0.16,0.00,0.01,0.900,-5.9,0.15,0.00,0.00,0.900,-0.1,0.15,1.03E-5,-0.02,0.900,-2.0,0.15,0.00,0.00,0.900,-1.9,0.16,0.00,0.00,0.900,-0.5,0.16,0.00,-1.80E-5,0.900,-0.3,0.16,-0.01,-0.01,0.900,-1.0,0.15,0.00,0.00,0.900,-0.4,0.17,0.00,0.00,0.900,-0.4,0.15,0.00,0.00
0.950,-1.1,0.16,5.68E-4,0.01,0.950,-1.0,0.16,-5.73E-4,0.00,0.950,-1.1,0.18,0.00,0.00,0.950,-7.6,0.16,-2.70E-5,0.06,0.950,-5.8,0.15,0.00,0.00,0.950,-0.4,0.15,0.00,-0.01,0.950,-2.1,0.15,0.00,0.00,0.950,-2.3,0.16,0.00,0.00,0.950,-0.5,0.16,0.00,0.00,0.950,-0.2,0.16,-0.01,0.03,0.950,-1.0,0.15,0.00,-1.65E-5,0.950,-0.3,0.17,0.00,0.00,0.950,-0.3,0.15,0.00,0.00
1.000,-1.1,0.16,0.00,5.31E-5,1.000,-1.2,0.16,-5.79E-4,0.00,1.000,-1.2,0.18,0.00,0.00,1.000,-7.9,0.16,0.00,0.17,1.000,-5.5,0.15,0.00,0.00,1.000,-0.6,0.15,0.00,0.00,1.000,-2.4,0.15,0.00,0.00,1.000,-2.5,0.16,0.00,0.00,1.000,-0.6,0.16,-5.40E-6,0.00,1.000,-0.2,0.16,0.00,0.07,1.000,-1.1,0.15,0.00,0.00,1.000,-0.3,0.17,0.00,0.00,1.000,-0.3,0.15,0.00,0.00
1.050,-1.2,0.16,5.79E-4,-0.01,1.050,-1.3,0.16,0.00,0.00,1.050,-1.2,0.18,0.00,0.00,1.050,-8.7,0.16,0.01,0.30,1.050,-5.1,0.15,0.00,-1.72E-5,1.050,-0.7,0.15,0.00,0.00,1.050,-2.7,0.15,0.00,0.00,1.050,-2.5,0.16,0.00,0.00,1.050,-0.6,0.16,5.73E-4,0.00,1.050,-0.3,0.16,0.00,0.08,1.050,-1.1,0.15,-4.96E-6,0.01,1.050,-0.5,0.17,0.00,0.00,1.050,-0.4,0.15,0.00,0.00
1.100,-1.2,0.16,0.00,0.00,1.100,-1.4,0.16,0.00,0.00,1.100,-1.3,0.18,0.00,0.00,1.100,-7.7,0.16,0.04,0.37,1.100,-5.1,0.15,0.00,0.00,1.100,-0.8,0.15,-5.68E-4,0.00,1.100,-3.0,0.15,0.00,0.00,1.100,-2.7,0.16,0.00,0.00,1.100,-0.7,0.16,5.79E-4,0.00,1.100,-0.3,0.16,0.01,0.06,1.100,-1.4,0.15,5.68E-4,0.01,1.100,-0.5,0.17,0.00,0.00,1.100,-0.4,0.15,0.00,0.00
1.150,-1.0,0.16,-5.31E-6,0.00,1.150,-1.5,0.16,0.00,0.00,1.150,-1.4,0.18,0.00,0.00,1.150,-7.0,0.17,0.06,0.32,1.150,-5.1,0.15,-5.15E-6,0.00,1.150,-0.9,0.15,0.00,-0.02,1.150,-3.2,0.15,0.00,0.00,1.150,-2.9,0.16,0.00,0.00,1.150,-0.8,0.16,5.40E-6,-0.01,1.150,-0.2,0.16,0.01,0.02,1.150,-1.5,0.15,0.00,0.00,1.150,-0.5,0.17,0.00,1.88E-5,1.150,-0.5,0.15,0.00,0.00
1.200,-0.9,0.16,5.73E-4,0.00,1.200,-1.5,0.16,0.00,1.76E-5,1.200,-1.4,0.18,0.00,0.00,1.200,-7.6,0.17,0.07,0.20,1.200,-5.3,0.15,5.73E-4,0.00,1.200,-1.0,0.15,0.00,-0.01,1.200,-3.5,0.15,0.00,-1.66E-5,1.200,-3.0,0.16,0.00,0.00,1.200,-0.7,0.16,-5.73E-4,0.00,1.200,-0.2,0.16,0.01,-0.03,1.200,-1.6,0.15,0.00,0.00,1.200,-0.6,0.17,0.00,0.00,1.200,-0.5,0.15,0.00,0.00
1.250,-1.0,0.16,5.79E-4,0.00,1.250,-1.6,0.16,0.00,0.00,1.250,-1.5,0.18,0.00,0.00,1.250,-7.2,0.17,0.08,0.11,1.250,-5.0,0.15,5.78E-4,0.00,1.250,-1.3,0.15,0.00,0.01,1.250,-3.7,0.15,0.00,0.00,1.250,-2.9,0.16,0.00,0.00,1.250,-0.8,0.16,-5.79E-4,0.00,1.250,-0.2,0.16,0.00,-0.06,1.250,-1.6,0.15,5.78E-4,-0.01,1.250,-0.8,0.17,5.64E-6,0.00,1.250,-0.5,0.15,0.00,0.00
1.300,-1.0,0.16,5.31E-6,-0.01,1.300,-1.6,0.16,5.28E-6,0.00,1.300,-1.6,0.18,0.00,0.00,1.300,-7.3,0.18,0.08,0.09,1.300,-4.8,0.15,5.15E-6,-0.01,1.300,-1.5,0.15,0.00,0.03,1.300,-3.8,0.15,-4.97E-6,0.01,1.300,-2.7,0.16,0.00,0.00,1.300,-0.8,0.16,0.00,0.01,1.300,-0.2,0.16,3.83E-5,-0.07,1.300,-1.8,0.15,0.00,-0.01,1.300,-0.9,0.17,-5.73E-4,0.00,1.300,-0.5,0.15,0.00,0.00
1.350,-1.3,0.16,-5.68E-4,-0.01,1.350,-1.8,0.16,-5.73E-4,0.00,1.350,-1.9,0.18,0.00,0.00,1.350,-7.6,0.18,0.08,0.11,1.350,-4.8,0.15,-5.78E-4,0.00,1.350,-1.6,0.15,5.68E-4,0.02,1.350,-3.8,0.15,5.68E-4,0.01,1.350,-2.9,0.16,0.00,0.00,1.350,-0.9,0.16,-5.40E-6,0.01,1.350,-0.2,0.16,0.00,-0.07,1.350,-1.9,0.15,4.97E-6,-0.01,1.350,-1.3,0.17,-5.79E-4,0.00,1.350,-0.6,0.15,0.00,0.00
1.400,-1.7,0.16,0.00,0.00,1.400,-2.2,0.16,-5.79E-4,0.00,1.400,-2.2,0.18,0.00,0.00,1.400,-7.7,0.19,0.09,0.13,1.400,-4.6,0.15,-1.03E-5,0.01,1.400,-1.9,0.15,0.00,0.01,1.400,-4.0,0.15,0.00,0.00,1.400,-3.3,0.16,0.00,0.00,1.400,-1.0,0.16,5.73E-4,0.00,1.400,-0.2,0.16,-0.01,-0.03,1.400,-2.0,0.15,-5.68E-4,-0.01,1.400,-1.2,0.17,-5.64E-6,0.01,1.400,-0.7,0.15,0.00,0.00
1.450,-1.9,0.16,0.00,0.01,1.450,-2.4,0.16,-5.28E-6,0.01,1.450,-2.3,0.18,0.00,0.00,1.450,-7.7,0.19,0.10,0.11,1.450,-4.9,0.15,0.00,0.01,1.450,-2.1,0.15,5.78E-4,-0.01,1.450,-4.0,0.15,0.00,-0.01,1.450,-3.6,0.16,0.00,0.00,1.450,-1.4,0.16,5.73E-4,5.40E-5,1.450,-0.3,0.16,-0.01,0.01,1.450,-2.0,0.15,0.00,0.00,1.450,-1.4,0.17,5.73E-4,0.00,1.450,-0.8,0.15,0.00,0.00
1.500,-2.4,0.16,-5.84E-4,0.01,1.500,-2.3,0.16,5.73E-4,0.00,1.500,-2.5,0.18,0.00,0.00,1.500,-7.6,0.19,0.10,0.09,1.500,-5.5,0.15,0.00,0.00,1.500,-2.2,0.15,0.00,-0.01,1.500,-3.9,0.15,9.94E-6,-0.01,1.500,-3.7,0.16,0.00,0.00,1.500,-1.1,0.16,5.79E-4,-0.01,1.500,-0.4,0.16,-0.01,0.05,1.500,-2.1,0.15,0.00,0.01,1.500,-1.6,0.17,5.79E-4,0.00,1.500,-0.7,0.15,0.00,0.00
1.550,-2.5,0.16,5.68E-4,0.01,1.550,-2.2,0.16,5.79E-4,0.00,1.550,-2.9,0.18,0.00,0.00,1.550,-7.5,0.20,0.10,0.06,1.550,-5.3,0.15,5.78E-4,-0.01,1.550,-2.3,0.15,0.00,-5.11E-5,1.550,-3.9,0.15,0.00,0.00,1.550,-3.8,0.16,0.00,0.00,1.550,-1.2,0.16,5.40E-6,-0.01,1.550,-0.5,0.16,0.00,0.05,1.550,-2.1,0.15,-9.92E-6,0.02,1.550,-1.6,0.17,0.00,0.00,1.550,-0.8,0.15,0.00,0.00
1.600,-2.7,0.16,0.00,1.06E-4,1.600,-2.6,0.16,0.00,0.00,1.600,-3.3,0.18,0.00,0.00,1.600,-7.5,0.21,0.11,0.04,1.600,-4.9,0.15,0.00,-0.01,1.600,-2.5,0.15,-5.11E-6,0.01,1.600,-4.2,0.15,-5.83E-4,0.01,1.600,-4.0,0.16,0.00,0.00,1.600,-1.6,0.16,-5.79E-4,-7.20E-5,1.600,-0.6,0.16,-1.09E-5,0.04,1.600,-2.2,0.15,0.00,0.01,1.600,-1.7,0.17,0.00,0.00,1.600,-1.0,0.15,0.00,0.00
1.650,-2.7,0.16,5.84E-4,-0.01,1.650,-3.2,0.16,0.00,0.00,1.650,-3.6,0.18,0.00,0.00,1.650,-7.6,0.21,0.11,0.02,1.650,-5.2,0.15,0.00,0.00,1.650,-2.7,0.15,5.68E-4,0.01,1.650,-4.3,0.15,5.68E-4,0.01,1.650,-4.0,0.16,0.00,0.00,1.650,-2.1,0.16,-5.40E-6,0.01,1.650,-0.6,0.16,0.00,0.03,1.650,-2.2,0.15,0.00,0.00,1.650,-1.7,0.17,0.00,0.00,1.650,-1.2,0.15,0.00,0.00
1.700,-2.6,0.16,-5.68E-4,-0.01,1.700,-3.3,0.16,0.00,0.00,1.700,-3.7,0.18,0.00,0.00,1.700,-7.6,0.22,0.11,0.00,1.700,-5.5,0.15,5.15E-6,-0.01,1.700,-2.9,0.15,0.00,0.01,1.700,-4.4,0.15,0.00,0.00,1.700,-4.0,0.16,0.00,0.00,1.700,-2.0,0.16,5.68E-4,0.01,1.700,-0.7,0.16,0.00,0.03,1.700,-2.2,0.15,5.78E-4,-0.01,1.700,-1.8,0.17,0.00,0.00,1.700,-1.3,0.15,0.00,0.00
1.750,-2.6,0.16,0.00,-1.06E-4,1.750,-3.5,0.16,0.00,0.00,1.750,-3.7,0.18,0.00,0.00,1.750,-7.7,0.22,0.11,-0.01,1.750,-5.8,0.15,-5.68E-4,0.02,1.750,-3.0,0.15,0.00,0.00,1.750,-4.3,0.15,4.97E-6,-0.01,1.750,-3.8,0.16,0.00,0.00,1.750,-2.0,0.16,0.00,7.20E-5,1.750,-0.8,0.16,0.00,0.02,1.750,-2.4,0.15,0.00,-0.01,1.750,-2.0,0.17,0.00,0.00,1.750,-1.6,0.15,0.00,0.00
1.800,-3.1,0.16,-5.84E-4,0.01,1.800,-3.3,0.16,0.00,0.00,1.800,-3.9,0.18,0.00,0.00,1.800,-7.7,0.23,0.11,-0.01,1.800,-6.1,0.15,0.00,0.12,1.800,-3.4,0.15,0.00,1.71E-5,1.800,-4.3,0.15,-5.73E-4,-0.01,1.800,-3.8,0.16,0.00,0.00,1.800,-2.3,0.16,5.79E-4,-0.01,1.800,-1.0,0.16,0.01,0.01,1.800,-2.3,0.15,0.00,0.00,1.800,-2.1,0.17,0.00,0.00,1.800,-1.9,0.15,0.00,0.00
1.850,-3.7,0.16,5.68E-4,0.01,1.850,-3.0,0.16,0.00,0.00,1.850,-4.0,0.18,0.00,1.95E-5,1.850,-7.9,0.23,0.11,0.00,1.850,-6.4,0.15,0.01,0.32,1.850,-3.8,0.15,0.00,0.00,1.850,-4.3,0.15,-5.78E-4,0.00,1.850,-3.7,0.16,0.00,0.00,1.850,-2.4,0.16,5.40E-6,-0.01,1.850,-1.1,0.16,0.01,-0.01,1.850,-2.4,0.15,0.00,0.00,1.850,-2.1,0.17,0.00,0.00,1.850,-2.3,0.15,0.00,0.00
1.900,-4.0,0.16,0.00,0.00,1.900,-3.1,0.16,0.00,0.00,1.900,-4.4,0.18,0.00,0.00,1.900,-7.8,0.24,0.11,0.02,1.900,-7.1,0.15,0.03,0.63,1.900,-4.3,0.15,0.00,-0.01,1.900,-4.4,0.15,-4.97E-6,0.01,1.900,-3.8,0.16,0.00,0.00,1.900,-2.4,0.16,-5.68E-4,-0.01,1.900,-1.3,0.16,0.00,-0.02,1.900,-2.5,0.15,0.00,0.00,1.900,-2.0,0.17,0.00,0.00,1.900,-2.5,0.15,0.00,0.00
1.950,-4.1,0.16,5.79E-4,-0.01,1.950,-3.5,0.16,0.00,0.00,1.950,-4.9,0.18,5.86E-6,0.00,1.950,-8.0,0.24,0.11,0.04,1.950,-6.8,0.16,0.07,1.00,1.950,-4.3,0.15,5.78E-4,-0.01,1.950,-4.4,0.15,5.78E-4,4.97E-5,1.950,-3.8,0.16,0.00,0.00,1.950,-2.3,0.16,0.00,0.00,1.950,-1.4,0.16,0.00,-0.02,1.950,-2.5,0.15,0.00,0.00,1.950,-2.0,0.17,0.00,0.00,1.950,-2.4,0.15,0.00,0.00
2.000,-4.6,0.16,0.00,-0.01,2.000,-3.3,0.16,0.00,0.00,2.000,-5.0,0.18,-5.73E-4,0.00,2.000,-8.0,0.25,0.11,0.06,2.000,-7.0,0.16,0.13,1.33,2.000,-4.7,0.15,-5.12E-6,-6.82E-5,2.000,-4.6,0.15,4.97E-6,-0.01,2.000,-3.8,0.16,0.00,0.00,2.000,-2.3,0.16,0.00,0.00,2.000,-1.6,0.16,0.00,-0.02,2.000,-2.6,0.15,0.00,0.00,2.000,-2.0,0.17,0.00,0.00,2.000,-2.2,0.15,0.00,0.00
2.050,-5.5,0.16,0.00,0.00,2.050,-2.9,0.16,0.00,0.00,2.050,-4.7,0.18,-5.79E-4,0.00,2.050,-8.1,0.25,0.12,0.07,2.050,-7.9,0.17,0.21,1.47,2.050,-5.0,0.15,5.68E-4,0.01,2.050,-4.8,0.15,-5.73E-4,0.00,2.050,-3.9,0.16,0.00,0.00,2.050,-2.4,0.16,-5.79E-4,0.01,2.050,-1.7,0.16,0.00,-0.02,2.050,-2.6,0.15,0.00,0.00,2.050,-2.1,0.17,0.00,0.00,2.050,-2.4,0.15,0.00,0.00
2.100,-5.6,0.16,5.30E-6,-0.01,2.100,-2.8,0.16,0.00,0.00,2.100,-4.8,0.18,-5.86E-6,0.01,2.100,-8.0,0.26,0.12,0.07,2.100,-7.2,0.18,0.29,1.17,2.100,-5.0,0.15,0.00,0.01,2.100,-4.9,0.15,-5.78E-4,0.00,2.100,-3.9,0.16,0.00,0.00,2.100,-2.5,0.16,0.00,0.01,2.100,-1.9,0.16,-5.57E-4,-0.03,2.100,-2.6,0.15,0.00,0.00,2.100,-2.0,0.17,0.00,0.00,2.100,-2.5,0.15,0.00,0.00
2.150,-5.4,0.16,-5.68E-4,0.00,2.150,-3.6,0.16,0.00,0.00,2.150,-5.1,0.18,5.73E-4,0.00,2.150,-8.1,0.27,0.12,0.04,2.150,-6.9,0.20,0.35,0.37,2.150,-4.9,0.15,0.00,0.01,2.150,-4.7,0.15,-4.97E-6,0.01,2.150,-4.0,0.16,0.00,0.00,2.150,-2.7,0.16,0.00,0.00,2.150,-2.0,0.16,0.00,-0.04,2.150,-2.6,0.15,0.00,0.00,2.150,-2.1,0.17,0.00,0.00,2.150,-2.6,0.15,0.00,-8.48E-5
2.200,-6.4,0.16,0.00,0.01,2.200,-4.1,0.16,0.00,0.00,2.200,-5.3,0.18,5.79E-4,0.00,2.200,-8.1,0.27,0.13,0.01,2.200,-6.3,0.22,0.34,-0.58,2.200,-5.1,0.15,0.00,0.01,2.200,-4.6,0.15,5.73E-4,0.01,2.200,-4.0,0.16,0.00,0.00,2.200,-2.7,0.16,0.00,0.00,2.200,-2.2,0.16,0.00,-0.03,2.200,-2.7,0.15,0.00,0.00,2.200,-2.0,0.17,0.00,0.00,2.200,-2.3,0.15,0.00,0.01
2.250,-6.5,0.16,-1.06E-5,0.01,2.250,-3.6,0.16,0.00,0.00,2.250,-5.3,0.18,0.00,0.00,2.250,-8.0,0.28,0.12,0.00,2.250,-5.6,0.24,0.27,-1.08,2.250,-5.1,0.15,0.00,1.37E-4,2.250,-4.7,0.15,5.73E-4,0.00,2.250,-4.0,0.16,0.00,0.00,2.250,-3.0,0.16,0.00,0.00,2.250,-2.4,0.16,-0.01,-0.02,2.250,-2.6,0.15,0.00,0.00,2.250,-2.2,0.17,0.00,0.00,2.250,-2.6,0.15,-2.54E-5,0.06
2.300,-6.4,0.16,0.00,0.01,2.300,-4.0,0.16,0.00,0.00,2.300,-5.4,0.18,0.00,0.00,2.300,-8.1,0.29,0.12,0.02,2.300,-6.0,0.24,0.20,-0.86,2.300,-5.2,0.15,0.00,-0.02,2.300,-4.7,0.15,5.73E-4,0.00,2.300,-4.0,0.16,0.00,0.00,2.300,-3.0,0.16,0.00,0.00,2.300,-2.3,0.16,-0.01,0.01,2.300,-2.4,0.15,0.00,0.00,2.300,-2.2,0.17,0.00,0.00,2.300,-3.0,0.15,0.00,0.18
2.350,-6.6,0.16,0.00,0.00,2.350,-4.6,0.16,0.00,0.00,2.350,-5.6,0.18,0.00,0.00,2.350,-8.1,0.29,0.13,0.05,2.350,-5.8,0.25,0.17,-0.38,2.350,-5.0,0.15,0.00,-0.02,2.350,-4.8,0.15,5.78E-4,0.00,2.350,-4.1,0.16,0.00,0.00,2.350,-2.8,0.16,0.00,0.00,2.350,-2.3,0.16,-0.01,0.04,2.350,-2.4,0.15,0.00,0.00,2.350,-2.3,0.17,0.00,0.00,2.350,-3.5,0.15,0.02,0.33
2.400,-6.8,0.16,5.84E-4,-0.01,2.400,-4.6,0.16,0.00,0.00,2.400,-5.7,0.18,0.00,0.00,2.400,-8.1,0.30,0.13,0.06,2.400,-5.8,0.26,0.18,-0.18,2.400,-5.0,0.15,-5.68E-4,-0.02,2.400,-4.7,0.15,0.00,0.00,2.400,-4.2,0.16,0.00,0.00,2.400,-2.8,0.16,0.00,0.00,2.400,-2.6,0.16,0.00,0.06,2.400,-2.6,0.15,0.00,0.00,2.400,-2.3,0.17,0.00,0.00,2.400,-2.3,0.15,0.04,0.42
2.450,-6.5,0.16,-5.73E-4,-0.01,2.450,-4.5,0.16,0.00,0.00,2.450,-5.5,0.18,0.00,0.00,2.450,-8.2,0.31,0.13,0.05,2.450,-6.2,0.27,0.17,-0.33,2.450,-5.3,0.15,0.00,0.00,2.450,-4.8,0.15,0.00,0.00,2.450,-4.3,0.16,0.00,0.00,2.450,-3.0,0.16,0.00,0.00,2.450,-2.7,0.16,0.00,0.05,2.450,-2.7,0.15,0.00,-2.65E-4,2.450,-2.4,0.17,0.00,0.00,2.450,-2.2,0.16,0.06,0.41
2.500,-7.3,0.16,-5.73E-4,0.00,2.500,-4.9,0.16,0.00,0.00,2.500,-5.4,0.18,0.00,0.00,2.500,-8.2,0.31,0.14,0.05,2.500,-6.3,0.28,0.14,-0.52,2.500,-5.6,0.15,-5.78E-4,0.01,2.500,-5.0,0.15,0.00,0.00,2.500,-4.6,0.16,0.00,0.00,2.500,-3.2,0.16,0.00,0.00,2.500,-2.8,0.16,0.00,0.04,2.500,-2.9,0.15,0.00,0.03,2.500,-2.5,0.17,0.00,0.00,2.500,-2.2,0.16,0.08,0.34
2.550,-7.4,0.16,-5.79E-4,0.01,2.550,-5.0,0.16,0.00,0.00,2.550,-5.6,0.18,0.00,0.00,2.550,-8.3,0.32,0.14,0.06,2.550,-6.5,0.29,0.11,-0.39,2.550,-5.8,0.15,0.00,0.00,2.550,-5.2,0.15,0.00,0.00,2.550,-4.7,0.16,0.00,0.00,2.550,-3.1,0.16,0.00,0.00,2.550,-2.9,0.16,0.01,0.02,2.550,-3.0,0.15,-7.94E-5,0.12,2.550,-2.6,0.17,0.00,0.00,2.550,-2.2,0.16,0.09,0.32
2.600,-7.5,0.16,-5.31E-6,0.01,2.600,-4.8,0.16,0.00,0.00,2.600,-5.7,0.18,0.00,-1.95E-5,2.600,-8.4,0.33,0.14,0.09,2.600,-6.5,0.29,0.09,-0.03,2.600,-6.0,0.15,5.14E-6,0.00,2.600,-5.3,0.15,0.00,0.00,2.600,-4.8,0.16,0.00,0.00,2.600,-2.9,0.16,0.00,0.00,2.600,-3.0,0.16,0.01,1.82E-4,2.600,-3.0,0.15,0.01,0.25,2.600,-2.6,0.17,0.00,0.00,2.600,-2.3,0.17,0.11,0.40
2.650,-7.4,0.16,5.73E-4,0.02,2.650,-5.0,0.16,0.00,0.00,2.650,-5.8,0.18,0.00,0.00,2.650,-8.4,0.33,0.15,0.12,2.650,-6.6,0.29,0.11,0.28,2.650,-6.1,0.15,-5.68E-4,-0.01,2.650,-5.6,0.15,0.00,0.00,2.650,-4.9,0.16,0.00,-3.08E-4,2.650,-2.7,0.16,0.00,0.00,2.650,-2.9,0.16,0.01,-0.02,2.650,-3.1,0.15,0.03,0.40,2.650,-2.5,0.17,0.00,0.00,2.650,-2.6,0.18,0.13,0.52
2.700,-8.5,0.16,5.41E-4,0.06,2.700,-5.3,0.16,0.00,0.00,2.700,-5.8,0.18,-5.86E-6,0.00,2.700,-8.3,0.34,0.15,0.13,2.700,-6.5,0.30,0.13,0.34,2.700,-6.3,0.15,0.00,0.00,2.700,-5.5,0.15,0.00,0.00,2.700,-4.9,0.16,0.00,0.03,2.700,-2.7,0.16,0.00,0.00,2.700,-2.9,0.16,0.00,-0.03,2.700,-2.4,0.15,0.05,0.52,2.700,-2.5,0.17,0.00,0.00,2.700,-2.6,0.18,0.16,0.60
2.750,-8.6,0.16,0.00,0.14,2.750,-5.7,0.16,0.00,0.00,2.750,-5.7,0.18,5.73E-4,0.00,2.750,-8.4,0.35,0.16,0.12,2.750,-6.5,0.31,0.14,0.25,2.750,-6.5,0.15,0.00,0.00,2.750,-5.6,0.15,0.00,0.00,2.750,-5.1,0.16,-9.25E-5,0.18,2.750,-2.6,0.16,0.00,0.00,2.750,-3.0,0.16,0.00,-0.03,2.750,-2.3,0.15,0.08,0.58,2.750,-2.6,0.17,0.00,0.00,2.750,-2.5,0.19,0.20,0.60
2.800,-7.8,0.16,0.01,0.25,2.800,-5.4,0.16,0.00,0.00,2.800,-5.8,0.18,5.79E-4,0.00,2.800,-8.1,0.36,0.17,0.06,2.800,-6.6,0.31,0.15,0.20,2.800,-6.6,0.15,-5.73E-4,0.00,2.800,-5.7,0.15,0.00,0.00,2.800,-5.4,0.16,0.01,0.43,2.800,-2.5,0.16,0.00,0.00,2.800,-2.9,0.16,5.79E-4,-0.02,2.800,-2.5,0.16,0.11,0.55,2.800,-2.7,0.17,0.00,-1.88E-5,2.800,-2.4,0.20,0.22,0.52
2.850,-7.1,0.16,0.03,0.31,2.850,-5.1,0.16,0.00,0.00,2.850,-5.8,0.18,5.86E-6,-0.01,2.850,-8.2,0.36,0.17,-0.01,2.850,-6.5,0.32,0.16,0.22,2.850,-6.8,0.15,-5.68E-4,-0.01,2.850,-6.0,0.15,0.00,1.66E-5,2.850,-5.7,0.16,0.04,0.65,2.850,-2.7,0.16,0.00,0.00,2.850,-2.8,0.16,0.00,-0.01,2.850,-2.5,0.17,0.14,0.46,2.850,-2.8,0.17,0.00,0.00,2.850,-2.4,0.21,0.25,0.35
2.900,-7.4,0.16,0.05,0.28,2.900,-5.4,0.16,0.00,0.00,2.900,-5.9,0.18,-5.73E-4,0.00,2.900,-8.2,0.37,0.17,-0.09,2.900,-6.6,0.33,0.17,0.29,2.900,-6.8,0.15,0.00,-0.01,2.900,-6.5,0.15,0.00,0.00,2.900,-4.5,0.17,0.09,0.71,2.900,-2.6,0.16,0.00,0.00,2.900,-2.9,0.16,5.48E-6,-0.01,2.900,-2.6,0.17,0.16,0.34,2.900,-2.8,0.17,-5.64E-6,0.04,2.900,-2.5,0.23,0.27,0.06
2.950,-7.3,0.17,0.06,0.17,2.950,-5.6,0.16,0.00,0.00,2.950,-6.0,0.18,-5.85E-4,0.01,2.950,-8.2,0.38,0.16,-0.15,2.950,-6.6,0.34,0.19,0.38,2.950,-7.0,0.15,0.00,0.04,2.950,-6.7,0.15,4.97E-6,0.01,2.950,-4.3,0.17,0.12,0.65,2.950,-2.3,0.16,0.00,0.00,2.950,-3.1,0.16,-5.73E-4,0.00,2.950,-2.5,0.18,0.17,0.24,2.950,-2.7,0.17,4.66E-4,0.17,2.950,-2.2,0.24,0.26,-0.28
3.000,-7.4,0.17,0.07,0.07,3.000,-5.3,0.16,0.00,0.00,3.000,-6.1,0.18,5.67E-4,0.01,3.000,-8.3,0.39,0.15,-0.18,3.000,-6.6,0.35,0.21,0.39,3.000,-7.1,0.15,0.00,0.19,3.000,-6.5,0.15,-6.03E-4,0.07,3.000,-4.5,0.18,0.15,0.57,3.000,-2.5,0.16,0.00,0.00,3.000,-3.3,0.16,-5.79E-4,0.01,3.000,-2.5,0.19,0.18,0.16,3.000,-2.9,0.17,0.01,0.40,3.000,-2.2,0.25,0.23,-0.53
3.050,-7.3,0.17,0.07,0.03,3.050,-5.4,0.16,0.00,0.00,3.050,-6.1,0.18,0.00,0.00,3.050,-8.2,0.40,0.14,-0.14,3.050,-6.4,0.36,0.24,0.21,3.050,-7.1,0.15,0.01,0.41,3.050,-6.6,0.15,0.00,0.20,3.050,-4.4,0.19,0.18,0.40,3.050,-2.6,0.16,0.00,0.00,3.050,-3.4,0.16,-1.10E-5,0.01,3.050,-2.4,0.20,0.19,0.11,3.050,-2.6,0.17,0.04,0.64,3.050,-2.3,0.26,0.20,-0.57
3.100,-7.4,0.18,0.07,0.07,3.100,-5.7,0.16,0.00,0.00,3.100,-6.1,0.18,0.00,-0.01,3.100,-8.4,0.40,0.13,-0.02,3.100,-6.3,0.37,0.24,-0.12,3.100,-6.1,0.15,0.04,0.58,3.100,-7.0,0.15,0.02,0.39,3.100,-4.1,0.20,0.20,0.06,3.100,-2.9,0.16,0.00,0.00,3.100,-3.5,0.16,0.00,0.01,3.100,-2.3,0.21,0.19,0.10,3.100,-2.3,0.17,0.08,0.75,3.100,-2.2,0.27,0.17,-0.40
3.150,-7.5,0.18,0.07,0.16,3.150,-5.8,0.16,0.00,0.00,3.150,-5.8,0.18,1.17E-5,-0.01,3.150,-8.2,0.41,0.13,0.13,3.150,-6.3,0.38,0.22,-0.37,3.150,-6.2,0.16,0.08,0.65,3.150,-6.3,0.15,0.04,0.54,3.150,-4.0,0.21,0.19,-0.30,3.150,-3.1,0.16,0.00,0.00,3.150,-3.6,0.16,0.00,0.01,3.150,-2.2,0.22,0.19,0.05,3.150,-2.2,0.18,0.12,0.74,3.150,-2.5,0.28,0.15,-0.12
3.200,-8.1,0.18,0.08,0.25,3.200,-5.7,0.16,0.00,0.00,3.200,-5.5,0.18,0.00,0.00,3.200,-8.3,0.42,0.15,0.23,3.200,-6.4,0.40,0.19,-0.37,3.200,-6.1,0.16,0.11,0.65,3.200,-5.7,0.15,0.08,0.62,3.200,-4.0,0.22,0.16,-0.44,3.200,-3.1,0.16,0.00,0.00,3.200,-3.7,0.16,0.00,5.49E-5,3.200,-2.2,0.23,0.20,-0.07,3.200,-2.4,0.18,0.15,0.74,3.200,-2.5,0.29,0.16,0.10
3.250,-8.0,0.19,0.10,0.33,3.250,-6.0,0.16,0.00,0.00,3.250,-5.5,0.18,-5.85E-4,0.01,3.250,-8.3,0.42,0.16,0.26,3.250,-6.4,0.40,0.18,-0.18,3.250,-6.6,0.17,0.14,0.67,3.250,-5.9,0.16,0.11,0.61,3.250,-4.1,0.22,0.13,-0.33,3.250,-3.0,0.16,0.00,0.00,3.250,-3.8,0.16,0.00,-0.01,3.250,-2.2,0.24,0.19,-0.13,3.250,-2.4,0.19,0.19,0.82,3.250,-2.3,0.30,0.17,0.15
3.300,-8.3,0.19,0.11,0.40,3.300,-6.3,0.16,0.00,0.00,3.300,-5.4,0.18,5.67E-4,0.01,3.300,-8.1,0.43,0.17,0.27,3.300,-6.1,0.41,0.18,-0.03,3.300,-7.3,0.18,0.17,0.69,3.300,-6.1,0.16,0.14,0.50,3.300,-4.2,0.23,0.12,-0.15,3.300,-3.4,0.16,0.00,0.00,3.300,-3.9,0.16,0.00,-0.01,3.300,-2.3,0.25,0.18,-0.10,3.300,-2.5,0.20,0.23,0.91,3.300,-2.5,0.31,0.18,0.05
3.350,-8.3,0.20,0.14,0.44,3.350,-6.6,0.16,0.00,0.00,3.350,-5.5,0.18,0.00,0.00,3.350,-8.2,0.44,0.19,0.29,3.350,-6.2,0.42,0.18,0.00,3.350,-7.1,0.19,0.21,0.61,3.350,-6.1,0.17,0.16,0.33,3.350,-4.2,0.24,0.12,-0.09,3.350,-3.7,0.16,0.00,0.00,3.350,-3.9,0.16,5.84E-4,-0.02,3.350,-2.4,0.25,0.18,-0.22,3.350,-2.5,0.22,0.29,0.88,3.350,-2.5,0.32,0.18,-0.01
3.400,-8.2,0.21,0.16,0.45,3.400,-6.9,0.16,0.00,0.00,3.400,-5.9,0.18,5.79E-4,-0.01,3.400,-8.0,0.45,0.20,0.28,3.400,-6.1,0.43,0.18,-0.05,3.400,-6.6,0.20,0.24,0.39,3.400,-6.1,0.18,0.17,0.21,3.400,-4.2,0.24,0.12,-0.14,3.400,-4.0,0.16,0.00,-1.80E-4,3.400,-4.0,0.16,-5.68E-4,-0.02,3.400,-2.3,0.27,0.18,-0.63,3.400,-2.2,0.23,0.33,0.79,3.400,-2.4,0.32,0.17,0.13
3.450,-8.0,0.21,0.18,0.40,3.450,-7.4,0.16,0.00,0.00,3.450,-6.2,0.18,0.00,-0.01,3.450,-7.9,0.46,0.22,0.20,3.450,-6.2,0.44,0.17,-0.08,3.450,-6.1,0.21,0.25,0.09,3.450,-6.0,0.19,0.17,0.13,3.450,-4.2,0.25,0.11,-0.22,3.450,-4.2,0.16,0.00,0.02,3.450,-4.0,0.16,0.00,-0.01,3.450,-2.4,0.28,0.12,-0.94,3.450,-2.3,0.25,0.36,0.80,3.450,-2.5,0.33,0.18,0.37
3.500,-7.7,0.22,0.20,0.26,3.500,-7.6,0.16,0.00,0.00,3.500,-6.2,0.18,0.00,0.00,3.500,-7.8,0.47,0.23,0.04,3.500,-6.0,0.45,0.17,-0.05,3.500,-5.9,0.22,0.25,-0.20,3.500,-5.9,0.20,0.19,-0.02,3.500,-4.2,0.25,0.09,-0.24,3.500,-4.2,0.16,-5.39E-5,0.09,3.500,-4.1,0.16,0.00,-0.01,3.500,-2.4,0.28,0.05,-0.69,3.500,-2.3,0.27,0.40,0.71,3.500,-2.4,0.34,0.21,0.50
3.550,-7.8,0.23,0.21,0.01,3.550,-7.8,0.16,0.00,0.00,3.550,-6.1,0.18,0.00,0.00,3.550,-8.1,0.49,0.22,-0.06,3.550,-6.0,0.46,0.17,-0.02,3.550,-5.8,0.24,0.23,-0.44,3.550,-5.6,0.21,0.18,-0.28,3.550,-4.3,0.26,0.08,-0.17,3.550,-4.6,0.16,0.01,0.22,3.550,-4.0,0.16,0.00,0.00,3.550,-2.5,0.28,0.03,0.04,3.550,-2.2,0.29,0.45,0.02,3.550,-2.4,0.35,0.24,0.37
3.600,-7.8,0.25,0.21,-0.27,3.600,-8.0,0.16,0.00,-7.04E-5,3.600,-6.3,0.18,0.00,0.00,3.600,-8.1,0.50,0.21,0.01,3.600,-5.9,0.46,0.17,-0.02,3.600,-5.9,0.25,0.20,-0.57,3.600,-5.4,0.22,0.16,-0.47,3.600,-4.4,0.26,0.07,-0.05,3.600,-4.7,0.16,0.02,0.34,3.600,-3.9,0.16,0.00,0.00,3.600,-2.5,0.28,0.06,0.66,3.600,-2.2,0.32,0.45,-1.37,3.600,-2.3,0.37,0.26,0.08
3.650,-7.6,0.26,0.18,-0.42,3.650,-8.4,0.16,0.00,0.01,3.650,-6.5,0.18,0.00,0.00,3.650,-8.2,0.51,0.22,0.05,3.650,-5.8,0.47,0.17,-0.06,3.650,-6.0,0.26,0.17,-0.54,3.650,-5.6,0.22,0.12,-0.42,3.650,-4.4,0.26,0.08,0.07,3.650,-3.8,0.16,0.04,0.34,3.650,-3.9,0.16,0.00,0.01,3.650,-2.5,0.28,0.12,0.62,3.650,-2.0,0.34,0.32,-2.51,3.650,-2.4,0.38,0.25,-0.27
3.700,-7.5,0.26,0.15,-0.34,3.700,-8.8,0.16,-2.11E-5,0.05,3.700,-6.4,0.18,0.00,0.00,3.700,-8.2,0.52,0.23,-0.23,3.700,-5.8,0.48,0.16,-0.11,3.700,-6.2,0.26,0.14,-0.37,3.700,-5.6,0.23,0.11,-0.26,3.700,-4.5,0.27,0.08,0.14,3.700,-3.8,0.17,0.06,0.26,3.700,-4.0,0.16,0.00,0.00,3.700,-2.5,0.29,0.16,0.00,3.700,-2.2,0.35,0.13,-2.38,3.700,-2.6,0.39,0.23,-0.44
3.750,-7.8,0.27,0.14,-0.18,3.750,-9.2,0.16,0.00,0.13,3.750,-6.7,0.18,0.00,0.00,3.750,-8.4,0.53,0.21,-0.76,3.750,-6.1,0.49,0.16,-0.14,3.750,-6.3,0.27,0.13,-0.15,3.750,-5.7,0.23,0.11,-0.18,3.750,-4.5,0.27,0.09,0.16,3.750,-3.9,0.17,0.07,0.19,3.750,-4.0,0.16,0.00,-5.46E-5,3.750,-2.6,0.30,0.12,-0.63,3.750,-2.3,0.35,0.02,-0.99,3.750,-2.4,0.40,0.19,-0.39
3.800,-7.9,0.28,0.14,-0.10,3.800,-9.0,0.16,0.01,0.25,3.800,-7.3,0.18,0.00,-2.35E-4,3.800,-8.5,0.54,0.14,-0.99,3.800,-6.3,0.50,0.15,-0.14,3.800,-6.4,0.28,0.13,-0.05,3.800,-5.6,0.24,0.09,-0.19,3.800,-4.4,0.28,0.10,0.14,3.800,-4.0,0.17,0.08,0.21,3.800,-4.0,0.16,0.00,0.01,3.800,-2.6,0.31,0.06,-0.61,3.800,-2.2,0.34,0.04,0.46,3.800,-2.6,0.41,0.19,-0.27
3.850,-8.1,0.29,0.14,-0.11,3.850,-7.3,0.16,0.03,0.36,3.850,-7.5,0.18,0.00,0.02,3.850,-8.5,0.54,0.08,-0.60,3.850,-6.3,0.50,0.14,-0.08,3.850,-6.4,0.28,0.13,-0.06,3.850,-5.9,0.24,0.08,-0.17,3.850,-4.4,0.28,0.11,0.12,3.850,-4.2,0.18,0.09,0.28,3.850,-4.1,0.16,0.00,0.02,3.850,-2.5,0.30,0.03,0.04,3.850,-2.3,0.35,0.11,1.01,3.850,-2.4,0.41,0.18,-0.15
3.900,-8.2,0.29,0.13,-0.10,3.900,-7.1,0.16,0.05,0.44,3.900,-7.8,0.18,-7.04E-5,0.15,3.900,-8.6,0.54,0.07,0.03,3.900,-6.3,0.51,0.14,0.00,3.900,-6.4,0.29,0.13,-0.09,3.900,-5.8,0.25,0.07,-0.06,3.900,-4.4,0.29,0.11,0.11,3.900,-4.4,0.18,0.11,0.35,3.900,-4.1,0.16,5.62E-4,0.02,3.900,-2.6,0.31,0.07,0.68,3.900,-2.4,0.36,0.17,0.78,3.900,-2.3,0.43,0.16,-0.05
3.950,-8.3,0.30,0.12,-0.04,3.950,-7.8,0.16,0.07,0.48,3.950,-8.6,0.18,0.01,0.45,3.950,-8.4,0.55,0.10,0.38,3.950,-6.7,0.52,0.14,0.09,3.950,-6.4,0.30,0.12,-0.05,3.950,-6.1,0.25,0.08,0.05,3.950,-4.5,0.29,0.12,0.10,3.950,-4.3,0.19,0.12,0.42,3.950,-4.2,0.16,0.00,0.02,3.950,-2.6,0.31,0.13,0.81,3.950,-2.2,0.37,0.19,0.37,3.950,-2.3,0.43,0.17,0.26
4.000,-8.4,0.30,0.13,-0.01,4.000,-7.7,0.17,0.10,0.50,4.000,-10.0,0.18,0.04,0.89,4.000,-8.4,0.56,0.13,0.35,4.000,-6.6,0.53,0.15,0.14,4.000,-6.5,0.30,0.12,0.04,4.000,-6.1,0.25,0.08,0.11,4.000,-4.5,0.30,0.12,0.10,4.000,-4.5,0.19,0.15,0.50,4.000,-4.2,0.16,0.00,0.00,4.000,-2.6,0.32,0.17,0.39,4.000,-2.2,0.38,0.20,0.15,4.000,-2.1,0.44,0.18,0.56
4.050,-8.3,0.31,0.13,-0.02,4.050,-8.1,0.17,0.12,0.50,4.050,-9.5,0.18,0.10,1.24,4.050,-8.6,0.56,0.14,0.22,4.050,-6.7,0.53,0.16,0.16,4.050,-6.4,0.31,0.12,0.10,4.050,-6.2,0.26,0.09,0.11,4.050,-4.5,0.31,0.13,0.10,4.050,-4.6,0.20,0.17,0.58,4.050,-4.3,0.16,0.00,-0.01,4.050,-2.6,0.33,0.17,-0.15,4.050,-2.2,0.39,0.20,0.08,4.050,-2.1,0.46,0.24,0.58
4.100,-8.4,0.32,0.12,-0.01,4.100,-8.1,0.18,0.15,0.46,4.100,-9.5,0.19,0.18,1.29,4.100,-8.5,0.57,0.15,0.17,4.100,-6.7,0.54,0.16,0.14,4.100,-6.5,0.31,0.13,0.12,4.100,-6.1,0.26,0.09,0.10,4.100,-4.5,0.31,0.13,0.11,4.100,-4.6,0.21,0.21,0.59,4.100,-4.3,0.16,0.00,-0.01,4.100,-2.5,0.34,0.14,-0.42,4.100,-2.3,0.40,0.20,0.08,4.100,-2.1,0.47,0.26,0.33
4.150,-8.4,0.32,0.12,0.07,4.150,-8.1,0.19,0.17,0.39,4.150,-9.1,0.20,0.24,0.99,4.150,-8.6,0.58,0.15,0.16,4.150,-6.7,0.55,0.17,0.10,4.150,-6.5,0.32,0.14,0.08,4.150,-6.1,0.27,0.10,0.08,4.150,-4.5,0.32,0.14,0.09,4.150,-4.6,0.22,0.24,0.49,4.150,-4.2,0.16,0.00,0.00,4.150,-2.5,0.34,0.11,-0.21,4.150,-2.3,0.41,0.21,0.14,4.150,-2.1,0.48,0.26,0.04
4.200,-8.1,0.33,0.13,0.15,4.200,-7.8,0.20,0.19,0.28,4.200,-8.4,0.21,0.28,0.46,4.200,-8.7,0.59,0.16,0.15,4.200,-6.5,0.56,0.17,0.06,4.200,-6.4,0.33,0.14,0.04,4.200,-6.0,0.27,0.10,0.06,4.200,-4.6,0.33,0.14,0.04,4.200,-4.6,0.24,0.26,0.34,4.200,-4.4,0.16,0.00,0.00,4.200,-2.5,0.35,0.11,0.26,4.200,-2.2,0.42,0.21,0.45,4.200,-2.3,0.49,0.26,-0.10
4.250,-8.1,0.34,0.14,0.16,4.250,-7.7,0.21,0.20,0.12,4.250,-7.8,0.23,0.29,-0.12,4.250,-8.6,0.59,0.17,0.13,4.250,-6.5,0.57,0.18,0.01,4.250,-6.4,0.33,0.14,0.02,4.250,-6.1,0.28,0.10,0.02,4.250,-4.5,0.33,0.14,0.00,4.250,-4.6,0.25,0.27,0.19,4.250,-4.6,0.16,0.00,0.00,4.250,-2.5,0.35,0.14,0.53,4.250,-2.2,0.43,0.23,0.94,4.250,-2.4,0.51,0.25,-0.21
4.300,-8.2,0.34,0.15,0.13,4.300,-7.2,0.22,0.20,-0.05,4.300,-7.0,0.24,0.27,-0.59,4.300,-8.7,0.60,0.18,0.09,4.300,-6.4,0.58,0.18,-0.06,4.300,-6.4,0.34,0.14,0.05,4.300,-6.1,0.28,0.11,-0.02,4.300,-4.5,0.34,0.14,0.01,4.300,-4.6,0.26,0.27,0.10,4.300,-4.6,0.16,5.73E-4,0.00,4.300,-2.5,0.36,0.18,0.30,4.300,-2.0,0.44,0.31,1.11,4.300,-2.3,0.52,0.24,-0.30
4.350,-8.0,0.35,0.15,0.09,4.350,-6.8,0.23,0.19,-0.18,4.350,-6.9,0.25,0.22,-0.84,4.350,-8.6,0.61,0.18,0.05,4.350,-6.4,0.58,0.17,-0.15,4.350,-6.5,0.35,0.14,0.11,4.350,-6.1,0.29,0.10,-0.04,4.350,-4.6,0.35,0.14,0.05,4.350,-4.6,0.28,0.28,0.05,4.350,-4.7,0.16,5.68E-4,0.00,4.350,-2.4,0.37,0.19,-0.24,4.350,-2.0,0.45,0.39,0.25,4.350,-2.4,0.53,0.22,-0.28
4.400,-7.9,0.36,0.16,0.08,4.400,-7.0,0.24,0.18,-0.28,4.400,-7.0,0.26,0.17,-0.84,4.400,-8.4,0.62,0.18,0.01,4.400,-6.3,0.59,0.16,-0.20,4.400,-6.4,0.36,0.15,0.13,4.400,-6.1,0.29,0.10,-0.02,4.400,-4.5,0.35,0.15,0.08,4.400,-4.6,0.29,0.28,0.00,4.400,-4.8,0.16,0.00,1.10E-4,4.400,-2.6,0.38,0.15,-0.59,4.400,-2.0,0.49,0.39,-1.33,4.400,-2.5,0.54,0.20,-0.10
4.450,-7.9,0.37,0.16,0.08,4.450,-6.8,0.25,0.17,-0.34,4.450,-7.2,0.27,0.13,-0.67,4.450,-8.4,0.63,0.18,0.00,4.450,-6.4,0.60,0.15,-0.19,4.450,-6.3,0.36,0.16,0.10,4.450,-6.1,0.30,0.10,0.03,4.450,-4.5,0.36,0.15,0.05,4.450,-4.5,0.31,0.28,-0.05,4.450,-4.9,0.16,0.00,-0.01,4.450,-2.7,0.39,0.10,-0.41,4.450,-2.0,0.50,0.23,-2.13,4.450,-2.4,0.55,0.20,0.09
4.500,-8.0,0.38,0.17,0.04,4.500,-6.8,0.26,0.15,-0.37,4.500,-7.3,0.28,0.10,-0.45,4.500,-8.5,0.64,0.18,0.01,4.500,-6.4,0.61,0.14,-0.14,4.500,-6.4,0.37,0.17,0.02,4.500,-6.0,0.30,0.10,0.07,4.500,-4.5,0.37,0.15,-0.02,4.500,-4.6,0.32,0.27,-0.08,4.500,-4.9,0.16,1.65E-5,-0.02,4.500,-2.6,0.39,0.09,0.11,4.500,-2.1,0.51,0.07,-1.39,4.500,-2.5,0.56,0.22,0.08
4.550,-8.1,0.38,0.17,-0.06,4.550,-7.1,0.26,0.13,-0.35,4.550,-7.6,0.28,0.09,-0.26,4.550,-8.4,0.65,0.18,0.01,4.550,-6.5,0.61,0.13,-0.09,4.550,-6.4,0.38,0.16,-0.12,4.550,-6.1,0.31,0.11,0.06,4.550,-4.5,0.38,0.15,-0.09,4.550,-4.4,0.33,0.27,-0.10,4.550,-5.0,0.16,0.00,-0.03,4.550,-2.6,0.40,0.12,0.76,4.550,-2.2,0.50,0.06,0.42,4.550,-2.5,0.57,0.23,-0.15
4.600,-8.2,0.39,0.16,-0.17,4.600,-7.3,0.27,0.11,-0.27,4.600,-7.6,0.28,0.08,-0.12,4.600,-8.3,0.66,0.18,-0.02,4.600,-6.4,0.62,0.13,-0.04,4.600,-6.5,0.39,0.16,-0.26,4.600,-6.1,0.32,0.11,-0.03,4.600,-4.6,0.38,0.14,-0.13,4.600,-4.5,0.35,0.27,-0.18,4.600,-5.1,0.16,0.00,-0.03,4.600,-2.6,0.40,0.16,1.16,4.600,-2.2,0.51,0.14,-4.67,4.600,-2.4,0.59,0.20,-0.31
4.650,-8.0,0.40,0.15,-0.19,4.650,-7.7,0.27,0.10,-0.17,4.650,-7.7,0.29,0.08,-0.07,4.650,-8.1,0.67,0.18,-0.10,4.650,-6.5,0.63,0.13,-0.01,4.650,-6.5,0.40,0.13,-0.28,4.650,-6.1,0.32,0.11,-0.12,4.650,-4.6,0.39,0.13,-0.11,4.650,-4.3,0.36,0.26,-0.32,4.650,-5.2,0.16,0.00,-0.03,4.650,-2.6,0.41,0.26,0.84,4.650,-2.3,0.52,0.29,-17.56,4.650,-2.5,0.59,0.18,-0.10
4.700,-8.2,0.41,0.14,-0.08,4.700,-7.7,0.28,0.09,-0.05,4.700,-7.7,0.29,0.08,-0.06,4.700,-8.0,0.67,0.17,-0.19,4.700,-6.5,0.63,0.13,0.03,4.700,-6.4,0.40,0.12,-0.14,4.700,-6.1,0.33,0.10,-0.09,4.700,-4.6,0.40,0.13,-0.04,4.700,-4.4,0.37,0.23,-0.44,4.700,-5.2,0.16,-0.01,-0.03,4.700,-2.5,0.42,0.30,-0.19,4.700,-2.5,0.53,-1.55,-18.81,4.700,-2.5,0.60,0.18,0.40
4.750,-8.1,0.41,0.14,0.07,4.750,-7.8,0.28,0.09,0.06,4.750,-7.6,0.30,0.07,-0.05,4.750,-8.4,0.68,0.16,-0.27,4.750,-6.5,0.64,0.13,0.06,4.750,-6.5,0.41,0.12,0.10,4.750,-6.1,0.33,0.09,0.05,4.750,-4.6,0.40,0.13,0.04,4.750,-4.6,0.38,0.21,-0.40,4.750,-5.3,0.16,-0.01,0.04,4.750,-2.4,0.45,0.24,-1.10,4.750,-2.4,0.56,-3.51,5.28,4.750,-2.4,0.61,0.22,0.59
4.800,-8.0,0.42,0.15,0.14,4.800,-7.7,0.29,0.10,0.14,4.800,-7.8,0.30,0.07,-0.04,4.800,-8.2,0.69,0.14,-0.27,4.800,-6.6,0.65,0.14,0.11,4.800,-6.4,0.41,0.13,0.26,4.800,-6.2,0.33,0.10,0.20,4.800,-4.6,0.41,0.13,0.10,4.800,-4.6,0.39,0.19,-0.23,4.800,-5.6,0.16,-0.01,0.22,4.800,-2.3,0.45,0.13,-0.95,4.800,-2.5,0.00,-1.70,36.80,4.800,-2.5,0.62,0.28,0.08
4.850,-7.8,0.43,0.16,0.12,4.850,-7.9,0.29,0.11,0.17,4.850,-7.8,0.30,0.07,-0.01,4.850,-8.1,0.70,0.13,-0.21,4.850,-6.5,0.65,0.14,0.25,4.850,-6.3,0.42,0.15,0.28,4.850,-6.2,0.34,0.12,0.29,4.850,-4.4,0.42,0.14,0.12,4.850,-4.6,0.40,0.18,-0.03,4.850,-5.7,0.16,0.01,0.52,4.850,-2.4,0.45,0.10,-0.11,4.850,-2.5,0.00,2.02,37.51,4.850,-2.4,0.64,0.26,-0.36
4.900,-7.6,0.44,0.16,0.09,4.900,-7.9,0.30,0.12,0.15,4.900,-7.7,0.31,0.07,0.01,4.900,-8.3,0.70,0.12,-0.16,4.900,-6.4,0.66,0.16,0.40,4.900,-6.3,0.43,0.16,0.26,4.900,-6.1,0.35,0.13,0.29,4.900,-4.3,0.42,0.15,0.13,4.900,-4.6,0.41,0.19,0.13,4.900,-4.8,0.16,0.05,0.77,4.900,-2.2,0.46,0.15,0.47,4.900,-2.3,0.58,3.95,6.62,4.900,-2.4,0.66,0.17,-7.77
4.950,-7.5,0.44,0.16,0.10,4.950,-8.0,0.30,0.13,0.11,4.950,-7.9,0.31,0.07,0.02,4.950,-8.3,0.71,0.12,-0.13,4.950,-6.4,0.67,0.19,0.28,4.950,-6.1,0.44,0.17,0.24,4.950,-6.0,0.35,0.15,0.20,4.950,-4.3,0.43,0.15,0.14,4.950,-4.5,0.42,0.20,0.21,4.950,-4.5,0.17,0.09,0.85,4.950,-2.2,0.47,0.18,0.45,4.950,-2.3,0.59,2.09,-18.29,4.950,-2.5,0.65,0.22,-22.75
5.000,-7.5,0.45,0.17,0.12,5.000,-7.8,0.31,0.13,0.06,5.000,-8.0,0.31,0.07,0.03,5.000,-8.2,0.71,0.11,-0.10,5.000,-6.4,0.68,0.21,-0.23,5.000,-6.1,0.45,0.19,0.23,5.000,-5.9,0.36,0.16,0.02,5.000,-4.2,0.44,0.16,0.15,5.000,-4.4,0.43,0.21,0.24,5.000,-4.6,0.17,0.14,0.74,5.000,-2.2,0.48,0.19,0.18,5.000,-2.3,0.60,0.22,-18.28,5.000,-2.3,0.66,-2.02,-31.07
5.050,-7.3,0.46,0.18,0.08,5.050,-8.1,0.32,0.13,0.00,5.050,-7.9,0.32,0.07,0.02,5.050,-8.3,0.72,0.10,-0.04,5.050,-6.4,0.69,0.17,-0.75,5.050,-6.0,0.46,0.20,0.21,5.050,-6.0,0.37,0.15,-0.17,5.050,-4.2,0.45,0.17,0.15,5.050,-4.4,0.44,0.22,0.24,5.050,-4.7,0.18,0.17,0.56,5.050,-2.3,0.49,0.19,-0.01,5.050,-2.4,0.61,0.27,-5.84,5.050,-2.5,0.70,-4.38,-16.99
5.100,-7.1,0.47,0.18,-0.03,5.100,-8.0,0.32,0.13,-0.05,5.100,-8.0,0.32,0.07,0.01,5.100,-8.4,0.73,0.10,0.01,5.100,-6.5,0.70,0.10,-0.72,5.100,-6.0,0.47,0.21,0.16,5.100,-6.0,0.38,0.13,-0.26,5.100,-4.1,0.46,0.18,0.12,5.100,-4.3,0.45,0.23,0.22,5.100,-4.7,0.19,0.19,0.37,5.100,-2.4,0.50,0.19,-0.12,5.100,-2.2,0.62,0.28,0.06,5.100,-2.3,0.00,-4.55,21.42
5.150,-7.5,0.48,0.18,-0.16,5.150,-7.8,0.33,0.12,-0.03,5.150,-7.8,0.32,0.07,0.00,5.150,-8.7,0.73,0.11,0.04,5.150,-6.4,0.70,0.07,-0.19,5.150,-6.1,0.48,0.22,0.09,5.150,-6.1,0.38,0.12,-0.22,5.150,-4.0,0.47,0.18,0.05,5.150,-4.3,0.46,0.25,0.18,5.150,-4.5,0.20,0.21,0.17,5.150,-2.5,0.51,0.18,-0.15,5.150,-2.2,0.64,0.27,-0.32,5.150,-2.3,0.00,-2.35,53.53
5.200,-7.7,0.49,0.16,-0.19,5.200,-7.9,0.34,0.12,0.05,5.200,-7.8,0.33,0.07,0.01,5.200,-8.5,0.74,0.11,0.05,5.200,-6.4,0.70,0.09,0.28,5.200,-6.1,0.49,0.22,-0.03,5.200,-6.1,0.39,0.11,-0.15,5.200,-4.0,0.48,0.18,-0.05,5.200,-4.3,0.48,0.25,0.10,5.200,-4.2,0.21,0.21,-0.03,5.200,-2.5,0.52,0.17,-0.11,5.200,-2.2,0.65,0.24,-0.34,5.200,-2.5,0.00,2.37,54.83
5.250,-7.9,0.50,0.15,-0.08,5.250,-7.9,0.34,0.13,0.09,5.250,-8.0,0.33,0.07,0.02,5.250,-8.2,0.74,0.11,0.05,5.250,-6.4,0.71,0.13,0.34,5.250,-6.3,0.50,0.21,-0.21,5.250,-6.0,0.39,0.11,-0.12,5.250,-4.0,0.48,0.18,-0.15,5.250,-4.3,0.49,0.26,0.00,5.250,-4.1,0.22,0.20,-0.20,5.250,-2.5,0.53,0.17,-0.05,5.250,-2.2,0.66,0.22,-0.12,5.250,-2.5,0.00,4.76,24.13
5.300,-8.0,0.50,0.15,0.06,5.300,-7.7,0.35,0.14,0.05,5.300,-8.0,0.33,0.08,0.02,5.300,-8.4,0.75,0.11,0.08,5.300,-6.5,0.72,0.13,0.13,5.300,-6.3,0.51,0.20,-0.42,5.300,-6.0,0.40,0.10,-0.09,5.300,-4.2,0.49,0.17,-0.22,5.300,-4.4,0.50,0.25,-0.13,5.300,-4.0,0.23,0.19,-0.32,5.300,-2.5,0.54,0.17,0.01,5.300,-2.2,0.67,0.23,0.08,5.300,-2.6,0.71,4.80,-15.12
5.350,-8.2,0.51,0.16,0.01,5.350,-7.7,0.36,0.14,-0.04,5.350,-8.0,0.34,0.08,0.03,5.350,-8.4,0.75,0.12,0.11,5.350,-6.6,0.72,0.13,-0.05,5.350,-6.4,0.52,0.17,-0.55,5.350,-6.1,0.40,0.09,-0.02,5.350,-4.3,0.50,0.15,-0.24,5.350,-4.4,0.51,0.24,-0.28,5.350,-4.1,0.24,0.17,-0.34,5.350,-2.6,0.54,0.17,0.09,5.350,-2.3,0.69,0.24,0.09,5.350,-2.4,0.72,2.47,-30.25
5.400,-8.4,0.52,0.16,-0.24,5.400,-7.4,0.36,0.13,-0.08,5.400,-7.8,0.34,0.08,0.07,5.400,-8.4,0.76,0.13,0.12,5.400,-6.6,0.73,0.13,-0.10,5.400,-6.4,0.53,0.14,-0.48,5.400,-6.1,0.41,0.10,0.10,5.400,-4.3,0.51,0.14,-0.25,5.400,-4.3,0.53,0.23,-0.38,5.400,-4.1,0.25,0.15,-0.26,5.400,-2.6,0.55,0.18,0.13,5.400,-2.4,0.70,0.24,-0.06,5.400,-2.7,0.72,0.13,-20.96
5.450,-8.6,0.53,0.14,-0.43,5.450,-7.5,0.37,0.13,-0.04,5.450,-7.8,0.35,0.08,0.12,5.450,-8.0,0.77,0.13,0.07,5.450,-6.8,0.74,0.12,-0.03,5.450,-6.6,0.53,0.11,-0.23,5.450,-6.3,0.41,0.11,0.18,5.450,-4.3,0.51,0.13,-0.27,5.450,-4.4,0.54,0.20,-0.37,5.450,-4.0,0.26,0.14,-0.18,5.450,-2.6,0.56,0.19,0.02,5.450,-2.5,0.71,0.24,-0.25,5.450,-2.6,0.73,0.35,-4.43
5.500,-8.6,0.53,0.10,-0.29,5.500,-7.7,0.38,0.13,-0.01,5.500,-7.9,0.35,0.09,0.17,5.500,-8.0,0.77,0.13,-0.01,5.500,-6.6,0.74,0.12,0.09,5.500,-6.4,0.54,0.11,-0.01,5.500,-6.1,0.42,0.12,0.21,5.500,-4.5,0.52,0.12,-0.28,5.500,-4.5,0.55,0.18,-0.23,5.500,-4.2,0.26,0.14,-0.14,5.500,-2.6,0.57,0.18,-0.16,5.500,-2.3,0.72,0.21,-0.30,5.500,-2.5,0.74,0.62,1.41
5.550,-8.7,0.54,0.10,0.07,5.550,-7.8,0.38,0.13,-0.02,5.550,-7.9,0.36,0.10,0.18,5.550,-7.9,0.78,0.13,-0.07,5.550,-6.6,0.75,0.13,0.11,5.550,-6.5,0.54,0.12,0.08,5.550,-6.1,0.43,0.13,0.22,5.550,-4.5,0.53,0.10,-0.15,5.550,-4.5,0.56,0.18,-0.03,5.550,-4.5,0.27,0.13,-0.10,5.550,-2.6,0.58,0.17,-0.23,5.550,-2.4,0.73,0.19,-0.08,5.550,-2.5,0.81,0.64,-3.13
5.600,-8.5,0.54,0.12,0.31,5.600,-7.9,0.39,0.13,-0.09,5.600,-7.9,0.36,0.11,0.12,5.600,-7.8,0.79,0.12,-0.11,5.600,-6.6,0.76,0.14,0.05,5.600,-6.4,0.55,0.12,0.07,5.600,-6.0,0.43,0.14,0.22,5.600,-4.6,0.53,0.09,0.09,5.600,-4.7,0.56,0.18,0.09,5.600,-4.6,0.27,0.12,0.02,5.600,-2.5,0.59,0.15,-0.12,5.600,-2.2,0.74,0.20,0.20,5.600,-2.5,0.83,0.26,-5.96
5.650,-8.5,0.55,0.14,0.30,5.650,-7.8,0.39,0.12,-0.17,5.650,-7.8,0.37,0.12,0.02,5.650,-7.8,0.79,0.12,-0.14,5.650,-6.5,0.76,0.13,0.04,5.650,-6.5,0.56,0.13,0.08,5.650,-6.0,0.44,0.15,0.22,5.650,-4.6,0.54,0.11,0.33,5.650,-4.7,0.57,0.19,0.14,5.650,-4.6,0.28,0.13,0.15,5.650,-2.4,0.59,0.15,0.03,5.650,-2.5,0.75,0.23,0.26,5.650,-2.5,0.83,-0.22,-4.37
5.700,-8.4,0.56,0.15,0.20,5.700,-7.7,0.40,0.11,-0.17,5.700,-7.8,0.37,0.11,-0.08,5.700,-7.8,0.80,0.11,-0.20,5.700,-6.6,0.77,0.13,0.18,5.700,-6.6,0.56,0.13,0.13,5.700,-5.8,0.45,0.16,0.20,5.700,-4.6,0.54,0.13,0.35,5.700,-4.6,0.58,0.20,0.15,5.700,-4.5,0.29,0.14,0.23,5.700,-2.5,0.60,0.16,0.08,5.700,-2.2,0.76,0.24,0.12,5.700,-2.5,0.79,-0.30,0.10
5.750,-8.5,0.56,0.15,0.15,5.750,-7.8,0.41,0.10,-0.06,5.750,-7.8,0.38,0.11,-0.13,5.750,-8.0,0.80,0.10,-0.20,5.750,-6.4,0.78,0.15,0.39,5.750,-6.6,0.57,0.14,0.16,5.750,-5.8,0.46,0.17,0.17,5.750,-4.6,0.55,0.15,0.13,5.750,-4.8,0.59,0.20,0.14,5.750,-4.6,0.30,0.15,0.24,5.750,-2.5,0.61,0.16,0.03,5.750,-2.3,0.78,0.23,-0.02,5.750,-2.4,0.78,-0.11,3.76
5.800,-8.3,0.57,0.16,0.14,5.800,-7.8,0.41,0.10,0.12,5.800,-7.9,0.38,0.10,-0.13,5.800,-8.1,0.81,0.09,-0.11,5.800,-6.3,0.78,0.18,0.52,5.800,-6.4,0.58,0.15,0.14,5.800,-5.6,0.46,0.18,0.12,5.800,-4.4,0.56,0.15,-0.12,5.800,-4.6,0.60,0.21,0.10,5.800,-4.7,0.30,0.17,0.16,5.800,-2.4,0.62,0.16,0.00,5.800,-2.2,0.79,0.23,-0.05,5.800,-2.3,0.79,0.18,4.61
5.850,-8.3,0.58,0.17,0.09,5.850,-7.9,0.41,0.11,0.24,5.850,-8.0,0.39,0.09,-0.09,5.850,-8.3,0.81,0.09,0.03,5.850,-6.3,0.79,0.21,0.36,5.850,-6.5,0.58,0.15,0.10,5.850,-5.5,0.47,0.18,0.03,5.850,-4.4,0.56,0.13,-0.20,5.850,-4.7,0.61,0.22,0.04,5.850,-4.6,0.31,0.17,0.04,5.850,-2.6,0.63,0.16,0.02,5.850,-2.2,0.80,0.23,-0.04,5.850,-2.3,0.80,0.43,2.62
5.900,-8.2,0.59,0.18,0.01,5.900,-7.8,0.42,0.13,0.27,5.900,-8.3,0.39,0.09,-0.03,5.900,-8.2,0.82,0.09,0.12,5.900,-6.3,0.80,0.23,-0.12,5.900,-6.4,0.59,0.16,0.06,5.900,-5.6,0.48,0.18,-0.09,5.900,-4.4,0.57,0.12,-0.11,5.900,-4.7,0.63,0.22,0.04,5.900,-4.7,0.32,0.17,-0.02,5.900,-2.6,0.64,0.16,0.06,5.900,-2.1,0.81,0.23,-0.05,5.900,-2.2,0.83,0.54,-1.12
5.950,-8.1,0.60,0.17,-0.05,5.950,-7.6,0.43,0.14,0.26,5.950,-8.2,0.40,0.09,0.03,5.950,-8.3,0.82,0.10,0.16,5.950,-6.3,0.82,0.20,-0.63,5.950,-6.4,0.60,0.16,-0.03,5.950,-5.6,0.49,0.17,-0.20,5.950,-4.3,0.58,0.12,0.03,5.950,-4.6,0.64,0.22,0.21,5.950,-4.7,0.33,0.16,0.11,5.950,-2.6,0.64,0.17,0.20,5.950,-2.3,0.82,0.22,-0.04,5.950,-2.2,0.87,0.31,-3.92
6.000,-8.2,0.61,0.17,-0.08,6.000,-7.6,0.43,0.15,0.25,6.000,-8.2,0.40,0.09,0.10,6.000,-8.2,0.83,0.11,0.16,6.000,-6.4,0.83,0.15,-0.74,6.000,-6.5,0.61,0.16,-0.15,6.000,-5.6,0.50,0.16,-0.26,6.000,-4.4,0.58,0.13,0.10,6.000,-4.7,0.65,0.23,0.37,6.000,-4.7,0.34,0.17,0.30,6.000,-2.5,0.65,0.17,0.45,6.000,-2.1,0.83,0.22,-0.04,6.000,-2.3,0.88,-0.04,-3.38
6.050,-8.2,0.61,0.17,-0.11,6.050,-7.5,0.44,0.16,0.26,6.050,-8.3,0.41,0.10,0.18,6.050,-8.0,0.83,0.12,0.16,6.050,-6.2,0.83,0.10,-0.35,6.050,-6.4,0.62,0.15,-0.23,6.050,-5.7,0.51,0.15,-0.29,6.050,-4.3,0.59,0.13,0.08,6.050,-4.7,0.66,0.27,0.23,6.050,-4.7,0.35,0.20,0.36,6.050,-2.5,0.66,0.21,0.41,6.050,-2.1,0.84,0.22,-0.05,6.050,-2.3,0.84,-0.17,-0.28
6.100,-8.1,0.62,0.16,-0.12,6.100,-7.5,0.45,0.18,0.24,6.100,-8.2,0.41,0.11,0.25,6.100,-8.0,0.84,0.12,0.17,6.100,-6.3,0.84,0.11,0.16,6.100,-6.4,0.62,0.13,-0.16,6.100,-5.8,0.52,0.13,-0.32,6.100,-4.3,0.60,0.14,-0.01,6.100,-4.6,0.67,0.28,-0.23,6.100,-4.7,0.36,0.22,0.22,6.100,-2.4,0.67,0.25,-0.20,6.100,-1.9,0.85,0.22,-0.08,6.100,-2.2,0.85,0.00,1.97
6.150,-8.2,0.63,0.15,-0.06,6.150,-7.2,0.46,0.19,0.14,6.150,-8.3,0.42,0.12,0.27,6.150,-7.8,0.84,0.13,0.17,6.150,-6.1,0.84,0.14,0.40,6.150,-6.3,0.63,0.12,0.03,6.150,-6.0,0.52,0.12,-0.32,6.150,-4.2,0.60,0.14,-0.16,6.150,-4.6,0.69,0.24,-0.59,6.150,-4.7,0.37,0.23,-0.04,6.150,-2.5,0.69,0.21,-0.98,6.150,-2.0,0.87,0.21,-0.11,6.150,-2.1,0.85,0.18,1.91
6.200,-8.0,0.64,0.15,0.06,6.200,-7.0,0.47,0.20,-0.06,6.200,-8.0,0.42,0.14,0.25,6.200,-7.7,0.85,0.14,0.13,6.200,-6.0,0.85,0.16,0.36,6.200,-6.7,0.63,0.13,0.21,6.200,-6.0,0.53,0.10,-0.23,6.200,-4.4,0.61,0.12,-0.29,6.200,-4.6,0.70,0.19,-0.42,6.200,-4.7,0.38,0.21,-0.19,6.200,-2.5,0.70,0.11,-1.02,6.200,-2.0,0.88,0.20,-0.03,6.200,-2.0,0.86,0.20,1.02
6.250,-8.0,0.65,0.16,0.24,6.250,-7.3,0.48,0.19,-0.28,6.250,-8.0,0.43,0.15,0.20,6.250,-7.3,0.86,0.15,0.05,6.250,-6.0,0.86,0.17,0.22,6.250,-6.5,0.64,0.15,0.38,6.250,-6.1,0.53,0.09,-0.02,6.250,-4.2,0.62,0.10,-0.29,6.250,-4.6,0.70,0.18,-0.02,6.250,-4.6,0.39,0.19,-0.11,6.250,-2.5,0.69,0.06,-0.23,6.250,-2.0,0.89,0.20,0.27,6.250,-1.9,0.88,0.21,0.85
6.300,-8.0,0.65,0.17,0.39,6.300,-7.3,0.49,0.16,-0.36,6.300,-7.8,0.44,0.16,0.14,6.300,-7.2,0.87,0.15,-0.05,6.300,-6.0,0.87,0.18,0.12,6.300,-6.6,0.65,0.17,0.53,6.300,-6.2,0.53,0.09,0.18,6.300,-4.4,0.62,0.09,-0.14,6.300,-4.6,0.72,0.21,0.23,6.300,-4.6,0.40,0.19,0.13,6.300,-2.5,0.70,0.10,0.52,6.300,-2.0,0.90,0.22,0.48,6.300,-2.0,0.89,0.28,0.68
6.350,-8.1,0.66,0.20,0.21,6.350,-7.5,0.50,0.14,-0.28,6.350,-7.6,0.45,0.16,0.05,6.350,-7.1,0.87,0.14,-0.16,6.350,-6.0,0.88,0.18,0.05,6.350,-6.5,0.66,0.21,0.40,6.350,-6.2,0.54,0.11,0.23,6.350,-4.2,0.62,0.09,0.07,6.350,-4.6,0.73,0.21,0.27,6.350,-4.6,0.41,0.21,0.34,6.350,-2.6,0.71,0.16,0.65,6.350,-2.0,0.91,0.28,0.15,6.350,-1.9,0.90,0.36,-0.56
6.400,-8.0,0.67,0.22,-0.34,6.400,-7.7,0.50,0.13,-0.18,6.400,-7.3,0.45,0.16,-0.05,6.400,-7.0,0.88,0.13,-0.25,6.400,-5.8,0.89,0.18,-0.02,6.400,-6.5,0.67,0.24,-0.18,6.400,-6.2,0.55,0.13,0.11,6.400,-4.4,0.63,0.10,0.20,6.400,-4.5,0.74,0.22,0.23,6.400,-4.5,0.42,0.24,0.33,6.400,-2.6,0.72,0.17,0.37,6.400,-2.2,0.92,0.27,-0.63,6.400,-2.0,0.93,0.26,-2.09
6.450,-8.2,0.69,0.17,-0.82,6.450,-7.7,0.51,0.13,-0.20,6.450,-7.2,0.46,0.16,-0.16,6.450,-7.1,0.89,0.12,-0.31,6.450,-6.1,0.89,0.18,-0.02,6.450,-6.4,0.68,0.20,-0.83,6.450,-6.3,0.55,0.12,-0.05,6.450,-4.3,0.63,0.11,0.24,6.450,-4.7,0.75,0.24,0.11,6.450,-4.4,0.43,0.25,0.12,6.450,-2.5,0.73,0.18,0.14,6.450,-2.2,0.94,0.19,-1.04,6.450,-2.0,0.94,0.06,-2.15
6.500,-8.2,0.69,0.10,-0.63,6.500,-7.9,0.52,0.12,-0.31,6.500,-7.0,0.47,0.15,-0.26,6.500,-7.1,0.89,0.10,-0.31,6.500,-5.9,0.90,0.17,0.11,6.500,-6.4,0.69,0.12,-0.89,6.500,-6.1,0.56,0.11,-0.05,6.500,-4.2,0.64,0.12,0.23,6.500,-4.9,0.76,0.24,-0.10,6.500,-4.3,0.45,0.25,-0.14,6.500,-2.5,0.73,0.19,0.01,6.500,-2.3,0.94,0.11,-0.51,6.500,-2.2,0.92,-0.05,0.05
6.550,-8.4,0.69,0.08,0.08,6.550,-8.0,0.52,0.10,-0.31,6.550,-7.3,0.48,0.13,-0.32,6.550,-7.2,0.90,0.08,-0.23,6.550,-6.1,0.91,0.19,0.12,6.550,-6.3,0.69,0.07,-0.34,6.550,-6.3,0.56,0.11,0.09,6.550,-4.4,0.65,0.13,0.20,6.550,-4.7,0.77,0.22,-0.15,6.550,-4.1,0.46,0.23,-0.29,6.550,-2.3,0.74,0.19,-0.18,6.550,-2.2,0.94,0.12,0.24,6.550,-2.3,0.92,0.02,2.48
6.600,-8.4,0.70,0.12,0.61,6.600,-8.2,0.53,0.08,-0.09,6.600,-7.4,0.48,0.11,-0.32,6.600,-7.5,0.90,0.07,-0.12,6.600,-6.1,0.92,0.21,-0.33,6.600,-6.3,0.70,0.09,0.19,6.600,-6.2,0.57,0.12,0.22,6.600,-4.3,0.65,0.15,0.10,6.600,-4.8,0.78,0.21,0.08,6.600,-4.1,0.47,0.21,-0.26,6.600,-2.4,0.75,0.17,-0.35,6.600,-2.2,0.95,0.19,0.29,6.600,-2.3,0.93,0.31,2.47
6.650,-8.4,0.71,0.17,0.59,6.650,-8.4,0.53,0.08,0.24,6.650,-7.5,0.49,0.10,-0.26,6.650,-7.5,0.90,0.07,-0.08,6.650,-5.8,0.93,0.18,-1.07,6.650,-6.4,0.70,0.12,0.27,6.650,-6.3,0.58,0.14,0.23,6.650,-4.2,0.66,0.15,-0.04,6.650,-4.7,0.79,0.23,0.35,6.650,-4.2,0.48,0.20,-0.09,6.650,-2.4,0.76,0.14,-0.34,6.650,-2.1,0.96,0.19,-0.38,6.650,-2.2,0.94,0.44,-0.43
6.700,-8.3,0.72,0.19,0.22,6.700,-8.5,0.53,0.11,0.43,6.700,-7.6,0.49,0.09,-0.17,6.700,-7.6,0.91,0.07,-0.11,6.700,-6.1,0.95,0.08,-1.35,6.700,-6.3,0.71,0.13,0.04,6.700,-6.3,0.58,0.15,0.16,6.700,-4.2,0.67,0.14,-0.12,6.700,-4.7,0.81,0.26,0.39,6.700,-4.2,0.49,0.20,0.12,6.700,-2.4,0.77,0.13,-0.13,6.700,-2.0,0.98,0.13,-0.98,6.700,-2.2,1.00,0.27,-3.48
6.750,-8.2,0.73,0.19,-0.10,6.750,-8.5,0.54,0.14,0.32,6.750,-7.8,0.50,0.08,-0.07,6.750,-7.7,0.91,0.06,-0.12,6.750,-5.9,0.94,-0.01,-0.79,6.750,-6.3,0.72,0.12,-0.14,6.750,-6.2,0.59,0.16,0.08,6.750,-4.3,0.67,0.13,-0.06,6.750,-4.7,0.82,0.28,0.26,6.750,-4.4,0.50,0.22,0.18,6.750,-2.4,0.77,0.13,0.12,6.750,-2.3,0.98,0.07,-0.99,6.750,-2.2,0.98,-0.06,-3.35
6.800,-8.1,0.73,0.17,-0.24,6.800,-8.5,0.55,0.15,0.03,6.800,-7.9,0.50,0.08,0.01,6.800,-8.1,0.91,0.05,-0.01,6.800,-6.0,0.94,-0.01,-0.02,6.800,-6.2,0.72,0.11,-0.14,6.800,-6.1,0.60,0.16,-0.02,6.800,-4.2,0.68,0.13,0.07,6.800,-4.5,0.83,0.28,0.13,6.800,-4.2,0.51,0.24,-0.03,6.800,-2.3,0.78,0.15,0.24,6.800,-2.9,0.98,0.02,-0.69,6.800,-2.2,0.96,-0.23,-0.70
6.850,-8.1,0.74,0.16,-0.25,6.850,-8.3,0.56,0.14,-0.15,6.850,-7.8,0.50,0.08,0.01,6.850,-8.0,0.92,0.06,0.21,6.850,-5.5,0.94,0.03,0.22,6.850,-6.2,0.73,0.10,-0.10,6.850,-6.3,0.61,0.16,-0.13,6.850,-4.3,0.69,0.14,0.14,6.850,-4.3,0.85,0.29,0.07,6.850,-4.3,0.52,0.22,-0.34,6.850,-2.2,0.79,0.16,0.17,6.850,-2.3,0.98,0.00,-0.35,6.850,-2.2,0.96,-0.07,1.63
6.900,-7.9,0.75,0.15,-0.21,6.900,-8.4,0.56,0.12,-0.05,6.900,-7.9,0.51,0.09,-0.13,6.900,-8.0,0.92,0.08,0.43,6.900,-4.5,0.94,0.04,-0.03,6.900,-6.1,0.73,0.10,-0.10,6.900,-6.2,0.62,0.14,-0.19,6.900,-4.3,0.69,0.15,0.08,6.900,-4.2,0.86,0.29,0.03,6.900,-4.5,0.54,0.19,-0.42,6.900,-2.2,0.80,0.17,0.08,6.900,-1.8,0.98,-0.01,-0.11,6.900,-2.0,0.96,0.06,1.95
6.950,-7.9,0.76,0.14,-0.14,6.950,-8.0,0.57,0.12,0.19,6.950,-7.8,0.51,0.07,-0.29,6.950,-7.9,0.92,0.10,0.63,6.950,-3.3,0.94,0.02,-0.23,6.950,-6.2,0.74,0.10,-0.16,6.950,-6.1,0.62,0.13,-0.16,6.950,-4.1,0.70,0.15,-0.04,6.950,-3.9,0.88,0.29,0.07,6.950,-4.7,0.54,0.16,-0.14,6.950,-2.2,0.81,0.16,0.11,6.950,-1.3,0.98,-0.01,0.02,6.950,-1.9,0.97,0.14,0.95
7.000,-7.8,0.76,0.13,0.05,7.000,-8.1,0.57,0.15,0.31,7.000,-7.9,0.52,0.05,-0.31,7.000,-7.7,0.93,0.14,0.80,7.000,-2.7,0.94,6.36E-4,-0.18,7.000,-6.1,0.74,0.08,-0.10,7.000,-6.3,0.63,0.13,-0.08,7.000,-4.0,0.71,0.14,-0.11,7.000,-4.0,0.89,0.29,0.20,7.000,-4.6,0.55,0.17,0.15,7.000,-2.3,0.81,0.17,0.28,7.000,-1.2,0.98,0.00,0.06,7.000,-1.8,0.97,0.16,-0.03
7.050,-7.9,0.77,0.13,0.36,7.050,-8.0,0.58,0.17,0.22,7.050,-8.0,0.52,0.03,-0.16,7.050,-7.6,0.94,0.18,0.67,7.050,-2.0,0.94,-6.36E-4,-0.05,7.050,-6.3,0.74,0.07,0.19,7.050,-6.3,0.63,0.13,-0.01,7.050,-4.2,0.72,0.14,-0.12,7.050,-4.0,0.91,0.31,0.08,7.050,-4.7,0.56,0.20,0.21,7.050,-2.5,0.82,0.19,0.40,7.050,-1.4,0.98,6.06E-4,0.03,7.050,-1.9,0.99,0.13,-0.73
7.100,-7.9,0.78,0.16,0.54,7.100,-8.1,0.59,0.17,0.01,7.100,-8.0,0.52,0.03,0.04,7.100,-7.1,0.95,0.24,-0.02,7.100,-1.4,0.94,5.10E-4,0.01,7.100,-6.2,0.75,0.10,0.46,7.100,-6.3,0.64,0.13,0.02,7.100,-4.0,0.72,0.13,-0.08,7.100,-4.1,0.92,0.33,-0.53,7.100,-4.6,0.57,0.20,0.11,7.100,-2.2,0.83,0.22,0.31,7.100,-1.4,0.98,3.26E-5,0.00,7.100,-2.7,0.99,0.06,-0.90
7.150,-7.9,0.78,0.21,0.21,7.150,-8.0,0.60,0.16,-0.14,7.150,-8.3,0.52,0.04,0.14,7.150,-7.2,0.96,0.21,-0.97,7.150,-1.0,0.94,0.00,0.02,7.150,-6.4,0.75,0.14,0.35,7.150,-6.4,0.65,0.13,0.02,7.150,-4.1,0.73,0.13,-0.01,7.150,-4.1,0.94,0.27,-1.25,7.150,-4.4,0.58,0.20,0.04,7.150,-2.0,0.84,0.23,0.07,7.150,-1.2,0.98,-5.08E-4,-0.01,7.150,-2.1,0.99,0.01,-0.61
7.200,-8.0,0.80,0.21,-0.53,7.200,-8.0,0.61,0.15,-0.17,7.200,-8.2,0.52,0.05,0.13,7.200,-7.0,0.97,0.11,-1.39,7.200,-1.0,0.94,0.00,0.01,7.200,-6.5,0.76,0.15,-0.21,7.200,-6.3,0.65,0.13,0.03,7.200,-4.2,0.74,0.13,0.07,7.200,-4.2,0.96,0.17,-1.36,7.200,-4.5,0.59,0.20,-0.03,7.200,-1.9,0.86,0.22,-0.13,7.200,-1.1,0.98,0.00,0.00,7.200,-1.6,0.99,0.00,-0.23
7.250,-7.7,0.81,0.15,-1.02,7.250,-8.1,0.61,0.14,-0.12,7.250,-8.3,0.53,0.06,0.07,7.250,-6.4,0.97,0.02,-0.97,7.250,-1.0,0.94,0.00,,7.250,-6.4,0.77,0.12,-0.67,7.250,-6.5,0.66,0.13,0.07,7.250,-4.2,0.74,0.13,0.14,7.250,-4.2,0.95,0.10,-0.74,7.250,-4.6,0.60,0.20,-0.15,7.250,-1.8,0.87,0.21,-0.16,7.250,-1.1,0.98,0.00,0.01,7.250,-1.1,0.99,0.00,-0.05
7.300,-8.0,0.81,0.07,-0.78,7.300,-8.0,0.62,0.14,-0.04,7.300,-8.3,0.53,0.06,0.01,7.300,-5.9,0.97,0.00,-0.34,7.300,-1.1,0.94,0.00,,7.300,-6.3,0.77,0.06,-0.59,7.300,-6.4,0.67,0.13,0.10,7.300,-4.2,0.75,0.14,0.18,7.300,-3.6,0.96,0.10,,7.300,-4.4,0.61,0.19,-0.24,7.300,-1.9,0.88,0.20,-0.04,7.300,-1.1,0.98,-6.39E-4,0.02,7.300,-0.9,0.99,7.71E-4,-0.05
7.350,-7.8,0.81,0.05,-0.11,7.350,-8.0,0.63,0.14,0.02,7.350,-8.2,0.53,0.06,-0.01,7.350,-4.8,0.97,0.02,-0.06,7.350,-1.3,0.94,,,7.350,-6.2,0.78,0.04,0.07,7.350,-6.3,0.67,0.14,0.09,7.350,-4.4,0.76,0.15,0.20,7.350,-3.2,0.97,0.12,,7.350,-4.5,0.62,0.17,-0.18,7.350,-1.9,0.89,0.20,0.21,7.350,-1.1,0.98,5.41E-4,0.01,7.350,-0.1,0.99,0.00,-0.05
7.400,-7.9,0.82,0.08,0.36,7.400,-7.9,0.64,0.14,0.07,7.400,-8.3,0.54,0.06,-0.01,7.400,-3.2,0.97,0.01,-0.08,7.400,-1.3,,,,7.400,-6.1,0.77,0.06,0.84,7.400,-6.3,0.68,0.15,0.05,7.400,-4.2,0.76,0.16,0.23,7.400,-3.1,0.97,,,7.400,-4.5,0.63,0.17,-0.05,7.400,-1.8,0.90,0.22,0.41,7.400,-1.0,0.98,0.00,0.00,7.400,-0.1,0.99,0.00,-0.06
7.450,-7.7,0.82,0.11,0.39,7.450,-8.1,0.64,0.15,0.20,7.450,-8.2,0.54,0.06,-0.03,7.450,-1.6,0.97,0.00,-0.09,,,,,,7.450,-6.1,0.78,0.13,1.11,7.450,-6.3,0.69,0.15,0.01,7.450,-4.0,0.77,0.17,0.29,7.450,-3.0,,,,7.450,-4.3,0.64,0.17,0.02,7.450,-2.0,0.91,0.26,0.36,7.450,-0.9,0.98,0.00,,7.450,0.0,0.99,-0.01,-0.06
7.500,-7.8,0.83,0.12,0.23,7.500,-8.0,0.65,0.15,0.39,7.500,-8.5,0.54,0.06,-0.02,7.500,-1.2,0.97,-6.06E-4,-0.02,,,,,,7.500,-6.0,0.79,0.21,0.58,7.500,-6.3,0.70,0.15,-0.02,7.500,-3.8,0.78,0.19,0.26,,,,,,7.500,-4.3,0.64,0.17,0.01,7.500,-2.1,0.92,0.27,,7.500,-0.8,0.98,-9.79E-5,,7.500,-0.1,0.99,-0.01,-0.02
7.550,-7.5,0.83,0.12,0.13,7.550,-7.9,0.66,0.19,0.32,7.550,-8.4,0.55,0.05,0.05,7.550,-0.8,0.97,0.00,0.01,,,,,,7.550,-6.0,0.80,0.22,-0.51,7.550,-6.2,0.70,0.14,-0.03,7.550,-3.8,0.79,0.21,0.08,,,,,,7.550,-4.5,0.65,0.17,-0.03,7.550,-1.9,0.94,0.26,,7.550,-0.8,0.98,,,7.550,-0.1,0.99,-0.01,0.05
7.600,-7.4,0.84,0.13,0.12,7.600,-7.9,0.67,0.22,-0.21,7.600,-8.5,0.55,0.06,0.16,7.600,-0.4,0.97,0.00,0.00,,,,,,7.600,-6.0,0.81,0.15,-1.28,7.600,-6.2,0.71,0.14,0.00,7.600,-3.6,0.80,0.21,-0.15,,,,,,7.600,-4.4,0.66,0.17,-0.08,7.600,-2.0,0.95,,,7.600,-0.9,,,,7.600,-0.1,0.99,0.00,
7.650,-7.6,0.85,0.13,0.13,7.650,-8.0,0.68,0.18,-0.82,7.650,-8.6,0.55,0.07,0.21,7.650,0.0,0.97,0.00,0.00,,,,,,7.650,-6.0,0.82,0.04,-1.10,7.650,-6.2,0.72,0.14,0.11,7.650,-3.5,0.81,0.19,-0.23,,,,,,7.650,-4.4,0.67,0.16,-0.10,7.650,-1.9,,,,,,,,,7.650,-0.1,0.99,0.00,
7.700,-7.3,0.85,0.14,0.11,7.700,-8.0,0.69,0.10,-0.85,7.700,-8.4,0.55,0.08,0.20,7.700,-0.1,0.97,-3.24E-5,0.01,,,,,,7.700,-6.1,0.82,0.01,-0.26,7.700,-6.2,0.72,0.15,0.21,7.700,-3.6,0.82,0.17,-0.12,,,,,,7.700,-4.3,0.68,0.16,-0.07,7.700,-2.0,,,,,,,,,7.700,-7.1E-15,0.99,,
7.750,-7.2,0.86,0.15,0.04,7.750,-8.1,0.69,0.06,-0.25,7.750,-8.5,0.56,0.09,0.16,7.750,0.0,0.97,5.08E-4,0.01,,,,,,7.750,-6.1,0.82,0.03,0.46,7.750,-6.5,0.73,0.17,0.16,7.750,-3.4,0.83,0.17,0.03,,,,,,7.750,-4.4,0.68,0.15,0.04,,,,,,,,,,,7.750,0.0,,,
7.800,-7.2,0.87,0.15,-0.05,7.800,-8.0,0.69,0.08,0.33,7.800,-8.4,0.56,0.10,0.16,7.800,-0.1,0.97,0.00,0.01,,,,,,7.800,-6.2,0.82,0.08,0.62,7.800,-6.4,0.74,0.18,-0.06,7.800,-3.3,0.84,0.18,0.13,,,,,,7.800,-4.3,0.69,0.16,0.14,,,,,,,,,,,,,,,
7.850,-7.0,0.88,0.14,-0.15,7.850,-7.9,0.70,0.12,0.45,7.850,-8.4,0.57,0.11,0.17,7.850,0.0,0.97,0.00,-0.01,,,,,,7.850,-6.1,0.82,0.11,0.42,7.850,-6.3,0.75,0.16,-0.25,7.850,-3.3,0.85,0.19,0.20,,,,,,7.850,-4.4,0.70,0.17,0.18,,,,,,,,,,,,,,,
7.900,-7.0,0.88,0.13,-0.22,7.900,-8.1,0.70,0.14,0.26,7.900,-8.4,0.57,0.12,0.16,7.900,0.0,0.97,6.38E-4,-0.02,,,,,,7.900,-6.1,0.83,0.12,0.18,7.900,-6.4,0.76,0.14,-0.16,7.900,-3.4,0.86,0.20,0.26,,,,,,7.900,-4.5,0.71,0.18,0.14,,,,,,,,,,,,,,,
7.950,-7.1,0.89,0.12,-0.21,7.950,-8.1,0.71,0.14,0.08,7.950,-8.5,0.58,0.12,0.16,7.950,-0.1,0.97,-5.73E-4,-0.01,,,,,,7.950,-6.1,0.84,0.12,0.13,7.950,-6.4,0.76,0.13,0.19,7.950,-3.5,0.87,0.21,0.38,,,,,,7.950,-4.3,0.72,0.19,0.05,,,,,,,,,,,,,,,
8.000,-7.1,0.89,0.10,-0.03,8.000,-8.2,0.72,0.14,0.00,8.000,-8.4,0.59,0.13,0.18,8.000,-0.1,0.97,-5.73E-4,-0.01,,,,,,8.000,-5.8,0.84,0.12,0.24,8.000,-6.3,0.77,0.16,0.52,8.000,-3.4,0.88,0.23,0.56,,,,,,8.000,-4.3,0.73,0.19,-0.02,,,,,,,,,,,,,,,
8.050,-7.6,0.90,0.10,0.37,8.050,-8.1,0.73,0.14,-0.01,8.050,-8.4,0.59,0.14,0.17,8.050,0.0,0.97,-5.41E-4,-0.01,,,,,,8.050,-5.8,0.85,0.14,0.35,8.050,-6.4,0.78,0.20,0.53,8.050,-3.2,0.89,0.27,0.92,,,,,,8.050,-4.3,0.74,0.18,-0.07,,,,,,,,,,,,,,,
8.100,-7.7,0.90,0.13,0.73,8.100,-8.2,0.73,0.14,0.00,8.100,-8.3,0.60,0.15,0.05,8.100,0.0,0.97,0.00,-0.01,,,,,,8.100,-5.6,0.86,0.16,0.37,8.100,-6.1,0.79,0.23,0.18,8.100,-3.1,0.90,0.31,1.16,,,,,,8.100,-4.3,0.75,0.18,-0.10,,,,,,,,,,,,,,,
8.150,-8.0,0.91,0.20,0.49,8.150,-8.3,0.74,0.14,-0.01,8.150,-8.4,0.61,0.15,-0.17,8.150,-0.1,0.97,0.00,,,,,,,8.150,-5.3,0.86,0.18,0.31,8.150,-6.0,0.80,0.22,-0.36,8.150,-3.2,0.92,0.41,0.51,,,,,,8.150,-4.3,0.75,0.17,-0.10,,,,,,,,,,,,,,,
8.200,-8.0,0.92,0.23,-0.46,8.200,-8.1,0.75,0.14,-0.04,8.200,-8.3,0.62,0.13,-0.30,8.200,-0.1,0.97,0.00,,,,,,,8.200,-5.3,0.87,0.19,0.41,8.200,-6.0,0.81,0.19,-0.76,8.200,-3.3,0.94,0.44,-1.27,,,,,,8.200,-4.2,0.76,0.17,-0.08,,,,,,,,,,,,,,,
8.250,-8.0,0.94,0.15,-1.31,8.250,-8.2,0.75,0.14,-0.04,8.250,-8.2,0.62,0.11,-0.23,8.250,-0.1,0.97,,,,,,,,8.250,-5.1,0.88,0.21,0.82,8.250,-5.9,0.82,0.13,-0.84,8.250,-3.4,0.98,0.30,-2.98,,,,,,8.250,-4.1,0.77,0.16,0.04,,,,,,,,,,,,,,,
8.300,-8.1,0.94,0.04,-1.12,8.300,-8.1,0.76,0.13,-0.01,8.300,-8.2,0.63,0.10,0.07,8.300,-0.1,,,,,,,,,8.300,-5.0,0.89,0.26,,8.300,-5.7,0.83,0.09,-0.53,8.300,-3.3,0.98,0.05,-2.59,,,,,,8.300,-4.1,0.78,0.17,0.18,,,,,,,,,,,,,,,
8.350,-8.0,0.94,0.00,-0.07,8.350,-8.1,0.77,0.13,0.04,8.350,-8.0,0.63,0.11,0.40,8.350,-0.1,,,,,,,,,8.350,-5.3,0.91,0.36,,8.350,-5.8,0.83,0.07,-0.02,8.350,-3.3,0.97,-0.09,-0.37,,,,,,8.350,-4.2,0.79,0.18,0.22,,,,,,,,,,,,,,,
8.400,-8.0,0.94,0.05,0.78,8.400,-7.9,0.77,0.14,0.08,8.400,-8.1,0.64,0.15,0.39,,,,,,,,,,,8.400,-5.3,0.93,,,8.400,-6.2,0.83,0.09,0.35,8.400,-3.3,0.96,0.05,1.26,,,,,,8.400,-4.2,0.80,0.20,0.11,,,,,,,,,,,,,,,
8.450,-8.0,0.94,0.12,0.89,8.450,-8.0,0.78,0.14,0.08,8.450,-8.1,0.65,0.18,-0.09,,,,,,,,,,,8.450,-5.6,,,,8.450,-6.0,0.84,0.12,0.45,8.450,-3.0,0.97,0.18,0.81,,,,,,8.450,-4.3,0.81,0.20,-0.03,,,,,,,,,,,,,,,
8.500,-7.8,0.95,0.15,0.41,8.500,-8.0,0.79,0.15,0.02,8.500,-8.0,0.66,0.15,-0.66,,,,,,,,,,,8.500,-6.0,,,,8.500,-6.0,0.84,0.14,0.35,8.500,-3.0,1.00,0.15,-0.57,,,,,,8.500,-4.0,0.82,0.19,-0.02,,,,,,,,,,,,,,,
8.550,-7.9,0.96,0.16,-0.21,8.550,-7.9,0.80,0.15,-0.06,8.550,-8.0,0.67,0.09,-0.70,,,,,,,,,,,,,,,,8.550,-5.9,0.85,0.15,0.27,8.550,-3.3,0.99,0.05,-0.92,,,,,,8.550,-4.2,0.83,0.19,0.12,,,,,,,,,,,,,,,
8.600,-7.8,0.97,0.13,-0.73,8.600,-8.0,0.80,0.14,-0.10,8.600,-8.1,0.66,0.05,-0.22,,,,,,,,,,,,,,,,8.600,-5.7,0.86,0.17,0.27,8.600,-2.9,0.99,0.01,-0.53,,,,,,8.600,-4.2,0.84,0.20,0.23,,,,,,,,,,,,,,,
8.650,-6.8,0.98,0.07,-0.92,8.650,-8.0,0.81,0.13,-0.06,8.650,-8.0,0.67,0.07,0.19,,,,,,,,,,,,,,,,8.650,-5.6,0.87,0.18,0.29,8.650,-2.3,0.99,0.04,,,,,,,8.650,-3.9,0.85,0.22,0.19,,,,,,,,,,,,,,,
8.700,-5.6,0.98,0.02,-0.70,8.700,-8.1,0.82,0.13,0.02,8.700,-8.1,0.67,0.10,0.15,,,,,,,,,,,,,,,,8.700,-5.4,0.88,0.19,0.40,8.700,-2.0,1.00,7.27E-4,,,,,,,8.700,-3.6,0.86,0.22,0.06,,,,,,,,,,,,,,,
8.750,-3.6,0.97,0.00,-0.32,8.750,-8.0,0.82,0.14,0.07,8.750,-8.2,0.68,0.09,-0.10,,,,,,,,,,,,,,,,8.750,-5.3,0.89,0.21,0.55,8.750,-1.8,0.99,,,,,,,,8.750,-3.5,0.87,0.22,0.06,,,,,,,,,,,,,,,
8.800,-2.1,0.97,-6.06E-4,-0.07,8.800,-7.8,0.83,0.14,0.09,8.800,-8.1,0.68,0.08,-0.19,,,,,,,,,,,,,,,,8.800,-5.4,0.90,0.25,0.44,8.800,-1.6,,,,,,,,,8.800,-3.5,0.88,0.22,0.34,,,,,,,,,,,,,,,
8.850,-1.9,0.97,6.50E-5,0.00,8.850,-7.9,0.84,0.15,0.09,8.850,-8.2,0.69,0.07,-0.10,,,,,,,,,,,,,,,,8.850,-5.5,0.91,0.29,-0.18,8.850,-1.2,,,,,,,,,8.850,-3.5,0.89,0.24,0.74,,,,,,,,,,,,,,,
8.900,-1.3,0.97,0.00,-0.01,8.900,-7.7,0.84,0.15,0.07,8.900,-8.1,0.69,0.07,0.00,,,,,,,,,,,,,,,,8.900,-6.0,0.93,0.25,-0.19,,,,,,,,,,,8.900,-3.6,0.90,0.31,0.78,,,,,,,,,,,,,,,
8.950,-1.0,0.97,0.00,-0.01,8.950,-7.3,0.85,0.15,0.03,8.950,-8.1,0.69,0.07,0.01,,,,,,,,,,,,,,,,8.950,-5.5,0.94,0.16,-10.28,,,,,,,,,,,8.950,-3.8,0.92,0.36,-0.10,,,,,,,,,,,,,,,
9.000,-1.7,0.97,0.00,0.00,9.000,-7.3,0.86,0.15,-0.03,9.000,-8.2,0.70,0.07,-0.02,,,,,,,,,,,,,,,,9.000,-5.4,0.94,0.33,-31.92,,,,,,,,,,,9.000,-3.9,0.94,0.34,-1.55,,,,,,,,,,,,,,,
9.050,-0.8,0.97,0.00,0.01,9.050,-7.3,0.87,0.15,-0.11,9.050,-8.2,0.70,0.07,-0.03,,,,,,,,,,,,,,,,9.050,-5.3,0.95,-2.87,-32.81,,,,,,,,,,,9.050,-3.8,0.96,0.18,-2.67,,,,,,,,,,,,,,,
9.100,-0.5,0.97,-6.38E-4,0.02,9.100,-7.2,0.88,0.14,-0.17,9.100,-8.4,0.70,0.07,-0.02,,,,,,,,,,,,,,,,9.100,-5.4,1.03,-6.30,-1.44,,,,,,,,,,,9.100,-4.1,0.97,0.02,5.38,,,,,,,,,,,,,,,
9.150,-0.3,0.97,4.76E-4,0.03,9.150,-7.1,0.88,0.13,-0.23,9.150,-8.4,0.71,0.07,-0.02,,,,,,,,,,,,,,,,9.150,-4.9,0.00,-3.06,30.84,,,,,,,,,,,9.150,-3.8,0.95,-0.12,15.02,,,,,,,,,,,,,,,
9.200,-0.3,0.97,0.00,0.05,9.200,-7.2,0.89,0.12,-0.26,9.200,-8.3,0.71,0.07,-0.03,,,,,,,,,,,,,,,,9.200,-4.7,0.00,0.09,30.42,,,,,,,,,,,9.200,-3.5,0.95,2.25,9.31,,,,,,,,,,,,,,,
9.250,-0.4,0.97,0.00,0.07,9.250,-7.3,0.89,0.11,-0.26,9.250,-8.4,0.71,0.06,-0.03,,,,,,,,,,,,,,,,9.250,-4.3,1.05,0.00,19.27,,,,,,,,,,,9.250,-3.4,0.93,2.45,-13.24,,,,,,,,,,,,,,,
9.300,-0.2,0.97,0.01,0.09,9.300,-7.4,0.90,0.09,-0.23,9.300,-8.4,0.72,0.06,-0.02,,,,,,,,,,,,,,,,9.300,-3.8,0.00,-0.23,31.63,,,,,,,,,,,9.300,-2.7,1.66,0.24,-29.89,,,,,,,,,,,,,,,
9.350,-0.3,0.98,0.02,0.07,9.350,-7.6,0.90,0.08,-0.17,9.350,-8.3,0.72,0.06,-0.01,,,,,,,,,,,,,,,,9.350,-2.5,0.00,3.04,33.48,,,,,,,,,,,9.350,-2.1,0.98,-2.08,-15.90,,,,,,,,,,,,,,,
9.400,-0.2,0.98,0.02,0.00,9.400,-7.7,0.91,0.08,-0.07,9.400,-8.2,0.72,0.06,-0.01,,,,,,,,,,,,,,,,9.400,-2.1,0.98,6.54,1.56,,,,,,,,,,,9.400,-1.3,0.98,-2.19,6.68,,,,,,,,,,,,,,,
9.450,-0.2,0.98,0.02,-0.08,9.450,-8.0,0.91,0.07,0.02,9.450,-8.3,0.73,0.06,-0.01,,,,,,,,,,,,,,,,9.450,-1.9,0.98,3.27,-31.93,,,,,,,,,,,9.450,-0.5,0.99,0.10,14.44,,,,,,,,,,,,,,,
9.500,-0.2,0.98,0.01,-0.12,9.500,-8.1,0.92,0.08,0.09,9.500,-8.2,0.73,0.06,0.00,,,,,,,,,,,,,,,,9.500,-1.8,0.98,0.00,-32.73,,,,,,,,,,,9.500,0.0,0.99,0.06,6.90,,,,,,,,,,,,,,,
9.550,-0.2,0.98,6.71E-4,-0.10,9.550,-7.9,0.92,0.09,0.11,9.550,-8.3,0.73,0.06,0.02,,,,,,,,,,,,,,,,9.550,-1.8,0.98,0.00,-10.98,,,,,,,,,,,9.550,-0.1,0.99,0.00,,,,,,,,,,,,,,,,
9.600,-0.4,0.98,-8.86E-4,-0.08,9.600,-8.0,0.92,0.09,0.10,9.600,-8.3,0.73,0.06,0.06,,,,,,,,,,,,,,,,9.600,-1.8,0.98,-0.01,,,,,,,,,,,,9.600,-0.1,0.99,-0.02,,,,,,,,,,,,,,,,
9.650,-0.6,0.98,-0.01,-0.07,9.650,-7.8,0.93,0.10,0.08,9.650,-8.2,0.74,0.07,0.10,,,,,,,,,,,,,,,,9.650,-1.7,0.98,-0.02,,,,,,,,,,,,9.650,-0.1,0.99,,,,,,,,,,,,,,,,,
9.700,-0.7,0.98,-0.01,-0.05,9.700,-7.6,0.93,0.10,0.07,9.700,-8.5,0.74,0.07,0.14,,,,,,,,,,,,,,,,9.700,-1.7,0.98,,,,,,,,,,,,,9.700,-0.1,,,,,,,,,,,,,,,,,,
9.750,-0.6,0.98,-0.01,-0.01,9.750,-7.7,0.94,0.10,0.06,9.750,-8.4,0.74,0.08,0.16,,,,,,,,,,,,,,,,9.750,-1.7,,,,,,,,,,,,,,9.750,-0.1,,,,,,,,,,,,,,,,,,
9.800,-0.6,0.98,-0.01,0.04,9.800,-7.5,0.94,0.11,0.02,9.800,-8.6,0.75,0.09,0.15,,,,,,,,,,,,,,,,,,,,,,,,,,,,,,,,,,,,,,,,,,,,,,,,,,
9.850,-0.6,0.98,-0.01,0.08,9.850,-7.4,0.95,0.11,-0.02,9.850,-8.2,0.75,0.10,0.10,,,,,,,,,,,,,,,,,,,,,,,,,,,,,,,,,,,,,,,,,,,,,,,,,,
9.900,-0.6,0.98,0.00,0.08,9.900,-7.6,0.95,0.10,-0.08,9.900,-8.1,0.76,0.10,0.05,,,,,,,,,,,,,,,,,,,,,,,,,,,,,,,,,,,,,,,,,,,,,,,,,,
9.950,-0.5,0.98,0.00,0.04,9.950,-7.3,0.96,0.10,-0.24,9.950,-7.9,0.76,0.10,0.04,,,,,,,,,,,,,,,,,,,,,,,,,,,,,,,,,,,,,,,,,,,,,,,,,,
10.000,-0.7,0.98,0.00,-0.02,10.000,-7.5,0.96,0.09,-0.48,10.000,-7.9,0.77,0.10,0.08,,,,,,,,,,,,,,,,,,,,,,,,,,,,,,,,,,,,,,,,,,,,,,,,,,
10.050,-0.6,0.98,0.00,,10.050,-7.2,0.97,0.05,-0.63,10.050,-8.0,0.77,0.11,0.13,,,,,,,,,,,,,,,,,,,,,,,,,,,,,,,,,,,,,,,,,,,,,,,,,,
10.100,-0.4,0.98,0.00,,10.100,-7.2,0.97,0.01,-0.52,10.100,-8.0,0.78,0.12,0.17,,,,,,,,,,,,,,,,,,,,,,,,,,,,,,,,,,,,,,,,,,,,,,,,,,
10.150,-0.5,0.98,,,10.150,-6.6,0.97,-0.01,-0.22,10.150,-8.1,0.79,0.13,0.14,,,,,,,,,,,,,,,,,,,,,,,,,,,,,,,,,,,,,,,,,,,,,,,,,,
10.200,-0.7,,,,10.200,-4.9,0.97,-0.01,0.01,10.200,-8.0,0.79,0.13,0.04,,,,,,,,,,,,,,,,,,,,,,,,,,,,,,,,,,,,,,,,,,,,,,,,,,
10.250,-0.5,,,,10.250,-3.5,0.97,0.00,0.06,10.250,-7.6,0.80,0.13,-0.11,,,,,,,,,,,,,,,,,,,,,,,,,,,,,,,,,,,,,,,,,,,,,,,,,,
,,,,,10.300,-2.4,0.97,-5.41E-4,0.02,10.300,-7.8,0.81,0.12,-0.20,,,,,,,,,,,,,,,,,,,,,,,,,,,,,,,,,,,,,,,,,,,,,,,,,,
,,,,,10.350,-2.1,0.97,0.00,-1.07E-4,10.350,-7.7,0.81,0.11,-0.19,,,,,,,,,,,,,,,,,,,,,,,,,,,,,,,,,,,,,,,,,,,,,,,,,,
,,,,,10.400,-2.0,0.97,0.00,0.00,10.400,-8.0,0.82,0.10,-0.11,,,,,,,,,,,,,,,,,,,,,,,,,,,,,,,,,,,,,,,,,,,,,,,,,,
,,,,,10.450,-1.5,0.97,-5.73E-4,0.00,10.450,-8.0,0.82,0.10,-0.02,,,,,,,,,,,,,,,,,,,,,,,,,,,,,,,,,,,,,,,,,,,,,,,,,,
,,,,,10.500,-1.5,0.97,-5.73E-4,0.00,10.500,-7.9,0.83,0.10,0.04,,,,,,,,,,,,,,,,,,,,,,,,,,,,,,,,,,,,,,,,,,,,,,,,,,
,,,,,10.550,-1.6,0.97,-6.06E-4,0.01,10.550,-7.9,0.83,0.10,0.10,,,,,,,,,,,,,,,,,,,,,,,,,,,,,,,,,,,,,,,,,,,,,,,,,,
,,,,,10.600,-1.6,0.97,-3.23E-5,0.01,10.600,-8.1,0.84,0.11,0.18,,,,,,,,,,,,,,,,,,,,,,,,,,,,,,,,,,,,,,,,,,,,,,,,,,
,,,,,10.650,-1.8,0.97,5.41E-4,0.01,10.650,-8.1,0.84,0.12,0.25,,,,,,,,,,,,,,,,,,,,,,,,,,,,,,,,,,,,,,,,,,,,,,,,,,
,,,,,10.700,-1.9,0.97,0.00,0.01,10.700,-8.0,0.85,0.14,0.27,,,,,,,,,,,,,,,,,,,,,,,,,,,,,,,,,,,,,,,,,,,,,,,,,,
,,,,,10.750,-1.6,0.97,0.00,4.30E-4,10.750,-7.8,0.86,0.15,0.22,,,,,,,,,,,,,,,,,,,,,,,,,,,,,,,,,,,,,,,,,,,,,,,,,,
,,,,,10.800,-1.5,0.97,0.00,-0.01,10.800,-7.7,0.86,0.16,0.12,,,,,,,,,,,,,,,,,,,,,,,,,,,,,,,,,,,,,,,,,,,,,,,,,,
,,,,,10.850,-1.5,0.97,6.38E-4,-0.01,10.850,-7.4,0.87,0.16,-0.01,,,,,,,,,,,,,,,,,,,,,,,,,,,,,,,,,,,,,,,,,,,,,,,,,,
,,,,,10.900,-1.6,0.97,-5.41E-4,-0.01,10.900,-7.4,0.88,0.16,-0.14,,,,,,,,,,,,,,,,,,,,,,,,,,,,,,,,,,,,,,,,,,,,,,,,,,
,,,,,10.950,-1.5,0.97,0.00,-0.01,10.950,-7.3,0.89,0.15,-0.26,,,,,,,,,,,,,,,,,,,,,,,,,,,,,,,,,,,,,,,,,,,,,,,,,,
,,,,,11.000,-1.5,0.97,0.00,0.01,11.000,-7.3,0.89,0.13,-0.35,,,,,,,,,,,,,,,,,,,,,,,,,,,,,,,,,,,,,,,,,,,,,,,,,,
,,,,,11.050,-1.3,0.97,0.00,0.18,11.050,-7.4,0.90,0.11,-0.38,,,,,,,,,,,,,,,,,,,,,,,,,,,,,,,,,,,,,,,,,,,,,,,,,,
,,,,,11.100,-1.0,0.97,0.00,1.98,11.100,-7.7,0.91,0.09,-0.33,,,,,,,,,,,,,,,,,,,,,,,,,,,,,,,,,,,,,,,,,,,,,,,,,,
,,,,,11.150,-0.3,0.97,0.05,3.52,11.150,-7.9,0.91,0.07,-0.21,,,,,,,,,,,,,,,,,,,,,,,,,,,,,,,,,,,,,,,,,,,,,,,,,,
,,,,,11.200,-0.1,0.97,0.54,1.24,11.200,-8.1,0.91,0.07,-0.04,,,,,,,,,,,,,,,,,,,,,,,,,,,,,,,,,,,,,,,,,,,,,,,,,,
,,,,,11.250,-0.3,0.98,0.52,-4.29,11.250,-8.1,0.92,0.07,0.08,,,,,,,,,,,,,,,,,,,,,,,,,,,,,,,,,,,,,,,,,,,,,,,,,,
,,,,,11.300,-0.7,1.12,-0.09,-17.99,11.300,-8.2,0.92,0.08,0.10,,,,,,,,,,,,,,,,,,,,,,,,,,,,,,,,,,,,,,,,,,,,,,,,,,
,,,,,11.350,-0.5,0.98,-0.60,-35.22,11.350,-7.9,0.92,0.08,0.11,,,,,,,,,,,,,,,,,,,,,,,,,,,,,,,,,,,,,,,,,,,,,,,,,,
,,,,,11.400,-0.4,0.95,-3.74,-51.38,11.400,-7.9,0.93,0.09,0.78,,,,,,,,,,,,,,,,,,,,,,,,,,,,,,,,,,,,,,,,,,,,,,,,,,
,,,,,11.450,-0.8,0.97,-6.41,,11.450,-7.8,0.93,0.10,1.45,,,,,,,,,,,,,,,,,,,,,,,,,,,,,,,,,,,,,,,,,,,,,,,,,,
,,,,,11.500,-1.1,0.00,-9.70,,11.500,-7.6,0.94,0.30,1.40,,,,,,,,,,,,,,,,,,,,,,,,,,,,,,,,,,,,,,,,,,,,,,,,,,
,,,,,11.550,-1.2,0.00,,,11.550,-7.4,0.94,0.31,-10.70,,,,,,,,,,,,,,,,,,,,,,,,,,,,,,,,,,,,,,,,,,,,,,,,,,
,,,,,11.600,-0.5,,,,11.600,-7.4,1.00,0.30,-34.18,,,,,,,,,,,,,,,,,,,,,,,,,,,,,,,,,,,,,,,,,,,,,,,,,,
,,,,,11.650,-0.5,,,,11.650,-7.4,0.96,-3.11,-35.08,,,,,,,,,,,,,,,,,,,,,,,,,,,,,,,,,,,,,,,,,,,,,,,,,,
,,,,,,,,,,11.700,-7.4,1.02,-6.54,8.10,,,,,,,,,,,,,,,,,,,,,,,,,,,,,,,,,,,,,,,,,,,,,,,,,,
,,,,,,,,,,11.750,-7.5,0.00,-3.38,63.46,,,,,,,,,,,,,,,,,,,,,,,,,,,,,,,,,,,,,,,,,,,,,,,,,,
,,,,,,,,,,11.800,-7.6,0.00,3.00,65.08,,,,,,,,,,,,,,,,,,,,,,,,,,,,,,,,,,,,,,,,,,,,,,,,,,
,,,,,,,,,,11.850,-7.6,0.96,6.39,12.10,,,,,,,,,,,,,,,,,,,,,,,,,,,,,,,,,,,,,,,,,,,,,,,,,,
,,,,,,,,,,11.900,-8.0,0.96,3.22,-31.14,,,,,,,,,,,,,,,,,,,,,,,,,,,,,,,,,,,,,,,,,,,,,,,,,,
,,,,,,,,,,11.950,-8.0,0.96,0.03,-32.00,,,,,,,,,,,,,,,,,,,,,,,,,,,,,,,,,,,,,,,,,,,,,,,,,,
,,,,,,,,,,12.000,-7.4,0.96,0.02,-10.90,,,,,,,,,,,,,,,,,,,,,,,,,,,,,,,,,,,,,,,,,,,,,,,,,,
,,,,,,,,,,12.050,-6.9,0.96,-0.01,-0.21,,,,,,,,,,,,,,,,,,,,,,,,,,,,,,,,,,,,,,,,,,,,,,,,,,
,,,,,,,,,,12.100,-6.8,0.96,-0.01,-0.05,,,,,,,,,,,,,,,,,,,,,,,,,,,,,,,,,,,,,,,,,,,,,,,,,,
,,,,,,,,,,12.150,-7.2,0.96,0.00,0.05,,,,,,,,,,,,,,,,,,,,,,,,,,,,,,,,,,,,,,,,,,,,,,,,,,
,,,,,,,,,,12.200,-7.0,0.96,0.00,0.04,,,,,,,,,,,,,,,,,,,,,,,,,,,,,,,,,,,,,,,,,,,,,,,,,,
,,,,,,,,,,12.250,-6.5,0.96,0.00,0.02,,,,,,,,,,,,,,,,,,,,,,,,,,,,,,,,,,,,,,,,,,,,,,,,,,
,,,,,,,,,,12.300,-5.9,0.96,0.00,0.04,,,,,,,,,,,,,,,,,,,,,,,,,,,,,,,,,,,,,,,,,,,,,,,,,,
,,,,,,,,,,12.350,-5.3,0.96,0.00,0.03,,,,,,,,,,,,,,,,,,,,,,,,,,,,,,,,,,,,,,,,,,,,,,,,,,
,,,,,,,,,,12.400,-5.0,0.96,0.00,0.01,,,,,,,,,,,,,,,,,,,,,,,,,,,,,,,,,,,,,,,,,,,,,,,,,,
,,,,,,,,,,12.450,-3.9,0.96,3.49E-4,0.10,,,,,,,,,,,,,,,,,,,,,,,,,,,,,,,,,,,,,,,,,,,,,,,,,,
,,,,,,,,,,12.500,-1.9,0.96,0.00,0.43,,,,,,,,,,,,,,,,,,,,,,,,,,,,,,,,,,,,,,,,,,,,,,,,,,
,,,,,,,,,,12.550,-0.3,0.96,0.03,0.77,,,,,,,,,,,,,,,,,,,,,,,,,,,,,,,,,,,,,,,,,,,,,,,,,,
,,,,,,,,,,12.600,-7.1E-15,0.96,0.10,0.54,,,,,,,,,,,,,,,,,,,,,,,,,,,,,,,,,,,,,,,,,,,,,,,,,,
,,,,,,,,,,12.650,-7.1E-15,0.97,0.13,0.02,,,,,,,,,,,,,,,,,,,,,,,,,,,,,,,,,,,,,,,,,,,,,,,,,,
,,,,,,,,,,12.700,-7.1E-15,0.98,0.07,-0.21,,,,,,,,,,,,,,,,,,,,,,,,,,,,,,,,,,,,,,,,,,,,,,,,,,
,,,,,,,,,,12.750,0.0,0.98,0.07,0.29,,,,,,,,,,,,,,,,,,,,,,,,,,,,,,,,,,,,,,,,,,,,,,,,,,
,,,,,,,,,,12.800,-7.1E-15,0.97,0.10,,,,,,,,,,,,,,,,,,,,,,,,,,,,,,,,,,,,,,,,,,,,,,,,,,,
,,,,,,,,,,12.850,-7.1E-15,1.00,0.19,,,,,,,,,,,,,,,,,,,,,,,,,,,,,,,,,,,,,,,,,,,,,,,,,,,
,,,,,,,,,,12.900,-7.1E-15,0.99,,,,,,,,,,,,,,,,,,,,,,,,,,,,,,,,,,,,,,,,,,,,,,,,,,,,
,,,,,,,,,,12.950,-7.1E-15,,,,,,,,,,,,,,,,,,,,,,,,,,,,,,,,,,,,,,,,,,,,,,,,,,,,,
,,,,,,,,,,13.000,-7.1E-15,,,,,,,,,,,,,,,,,,,,,,,,,,,,,,,,,,,,,,,,,,,,,,,,,,,,,
